pl,be,uk,ru,bg,sl,cs,en,tr
w Australii,у Аўстраліі,в Австралії,в Австралии,в Австралия,v Avstraliji,v Austrálii,in Australia,Avustralya'da
w Austrii,у Аўстрыі,в Австрії,в Австрии,в Австрия,v Avstriji,v Rakousku,in Austria,Avusturya'da
w Azerbejdżanie,у Азербайджане,в Азербайджані,в Азербайджане,в Азербайджан,v Azerbajdžanu,v Ázerbájdžánu,in Azerbaijan,Azerbaycan'da
w Albanii,у Албаніі,в Албанії,в Албании,в Албания,v Albaniji,v Albánii,in Albania,Arnavutluk'ta
w Algierii,у Алжыры,в Алжирі,в Алжире,в Алжир,v Alžiriji,v Alžírsku,in Algeria,Cezayir'de
w Angoli,у Анголе,в Анголі,в Анголе,в Ангола,v Angoli,v Angole,in Angola,Angola'da
w Andorze,у Андоры,в Андоррі,в Андорре,в Андора,v Andori,v Andoře,in Andorra,Andorra'da
w Argentynie,у Аргенціне,в Аргентині,в Аргентине,в Аржентина,v Argentini,v Argentině,in Argentina,Arjantinde
w Armenii,у Арменіі,у Вірменії,в Армении,в Армения,v Armeniji,v Arménii,in Armenia,Ermenistan'da
w Afganistanie,у Афганістане,в Афганістані,в Афганистане,в Афганистан,v Afganistanu,v Afghánistánu,in Afghanistan,Afganistan'da
na Bahamach,на Багамах,на Багамах,на Багамах,на Бахамите,na Bahamih,na Bahamách,in the Bahamas,Bahamalar'da
w Bangladeszu,ў Бангладэшы,у Бангладеш,в Бангладеше,в Бангладеш,v Bangladešu,v Bangladéši,in Bangladesh,Bangladeş'te
na Barbadosie,ў Барбадосе,у Барбадосі,в Барбадосе,в Барбадос,na Barbadosu,na Barbadosu,in Barbados,Barbados'ta
w Bahrajnie,ў Бахрэйне,у Бахрейні,в Бахрейне,в Бахрейн,v Bahrainu,v Bahrajnu,in Bahrain,Bahreyn'de
na Białorusi,ў Беларусі,у Білорусі,в Белоруссии,в Беларус,v Belorusiji,v Bělorusku,in Belarus,Beyaz Rusya'da
w Belgii,ў Бельгіі,у Бельгії,в Бельгии,в Белгия,v Belgiji,v Belgii,in Belgium,Belçika'da
w Bośni i Hercegowinie,ў Босніі і Герцагавіне,у Боснії та Герцеговині,в Боснии и Герцеговине,в Босна и Херцеговина,v Bosni in Hercegovini,v Bosně a Hercegovině,in Bosnia and Herzegovina,Bosna Hersek'te
w Botswanie,ў Батсване,у Ботсвані,в Ботсване,в Ботсвана,v Bocvani,v Botswaně,in Botswana,Botsvana'da
w Brazylii,ў Бразіліі,у Бразилії,в Бразилии,в Бразилия,v Braziliji,v Brazílii,in Brazil,Brezilya'da
w Brunei,ў Брунеі,у Брунеї,в Брунее,в Бруней,v Bruneju,v Bruneji,in Brunei,Brunei'de
W Wielkiej Brytanii,ў Вялікабрытаніі,у Великобританії,в Великобритании,Във Великобритания,V Veliki Britaniji,Ve Velké Británii,in Great Britain,Büyük Britanya'da
na Węgrzech,ў Венгрыі,в Угорщині,в Венгрии,в Унгария,na Madžarskem,v Maďarsku,in Hungary,Macaristanda
w Wenezueli,ў Венесуэле,у Венесуелі,в Венесуэле,във Венецуела,v Venezueli,ve Venezuele,in Venezuela,Venezuela'da
w Wietnamie,ў В'етнаме,у В'єтнамі,во Вьетнаме,във Виетнам,v Vietnamu,ve Vietnamu,in Vietnam,Vietnam'da
w Gabonie,ў Габоне,у Габоні,в Габоне,в Габон,v Gabonu,v Gabonu,in Gabon,Gabon'da
na Haiti,ў Гаіці,в Гаїті,в Гаити,в Хаити,na Haitiju,na Haiti,in Haiti,Haiti'de
w Gwatemali,ў Гватэмале,у Гватемалі,в Гватемале,в Гватемала,v Gvatemali,v Guatemale,in Guatemala,Guatemala'da
w Gwinei,ў Гвінеі,у Гвінеї,в Гвинее,в Гвинея,v Gvineji,v Guineji,in Guinea,Gine'de
w Hondurasie,ў Гандурасе,у Гондурасі,в Гондурасе,в Хондурас,v Hondurasu,v Hondurasu,in Honduras,Honduras'ta
w Grecji,ў Грэцыі,У Греції,в Греции,в Гърция,v Grčiji,v Řecku,in Greece,Yunanistan'da
W Georgii,ў Грузіі,у Грузії,в Грузии,в Грузия,v Gruziji,v Gruzii,in Georgia,Gürcistan'da
w Danii,ў Даніі,у Данії,в Дании,в Дания,na Danskem,v Dánsku,in Denmark,Danimarka'da
w Egipcie,у Егіпце,в Єгипті,в Египте,в Египет,v Egiptu,v Egyptě,in Egypt,Mısır'da
w Zimbabwe,ў Зімбабвэ,у Зімбабві,в Зимбабве,в Зимбабве,v Zimbabveju,v Zimbabwe,in Zimbabwe,Zimbabwe'de
w Izraelu,у Ізраілі,в Ізраїлі,в Израиле,в Израел,v Izraelu,v Izraeli,in Israel,İsrail'de
w Indiach,у Індыі,в Індії,в Индии,в Индия,v Indiji,v Indii,in India,Hindistan'da
w Indonezji,у Інданезіі,в Індонезії,в Индонезии,в Индонезия,v Indoneziji,v Indonésii,in Indonesia,Endonezya'da
W jordanie,у Іарданіі,в Йорданії,в Иордании,в Йордания,v Jordaniji,v Jordánsku,in Jordan,Ürdün'de
w Iraku,у Іраку,в Іраку,в Ираке,в Ирак,v Iraku,v Iráku,in Iraq,Irakta
w Iranie,у Іране,в Ірані,в Иране,в Иран,v Iranu,v Íránu,in Iran,İran'da
w Irlandii,у Ірландыі,в Ірландії,в Ирландии,в Ирландия,na Irskem,v Irsku,in Ireland,İrlanda'da
w Islandii,у Ісландыі,в Ісландії,в Исландии,в Исландия,na Islandiji,na Islandu,in Iceland,İzlanda'da
w Hiszpanii,у Іспаніі,в Іспанії,в Испании,в Испания,v Španiji,ve Španělsku,in Spain,ispanyada
we Włoszech,у Італіі,в Італії,в Италии,в Италия,v Italiji,v Itálii,in Italy,İtalya'da
w Jemenie,у Емене,в Ємені,в Йемене,в Йемен,v Jemnu,v Jemenu,in Yemen,Yemen'de
W Kazachstanie,ў Казахстане,у Казахстані,в Казахстане,В Казахстан,V Kazahstanu,V Kazachstánu,In Kazakhstan,Kazakistan'da
w Kambodży,ў Камбоджы,у Камбоджі,в Камбодже,в Камбоджа,v Kambodži,v Kambodži,in Cambodia,Kamboçya'da
W Kanadzie,ў Канадзе,в Канаді,в Канаде,В Канада,V Kanadi,V Kanadě,In Canada,Kanada'da
w Katarze,ў Катары,у Катарі,в Катаре,в Катар,v Katarju,v Kataru,in Qatar,Katar'da
w Kenii,ў Кеніі,у Кенії,в Кении,в Кения,v Keniji,v Keni,in Kenya,Kenya'da
Na Cyprze,на Кіпры,на Кіпрі,на Кипре,В Кипър,na Cipru,Na Kypru,In Cyprus,Kıbrıs'ta
w Kirgistanie,ў Кіргізіі,у Киргизії,в Киргизии,в Киргизстан,v Kirgizistanu,v Kyrgyzstánu,in Kyrgyzstan,Kırgızistan'da
w Chinach,ў Кітаі,в Китаї,в Китае,в Китай,na Kitajskem,v Číně,in China,Çin'de
w Kolumbii,ў Калумбіі,у Колумбії,в Колумбии,в Колумбия,v Kolumbiji,v Kolumbii,in Colombia,kolombiyada
w Kongo,ў Конга,у Конго,в Конго,в Конго,v Kongu,v Kongu,in Congo,Kongo'da
w Koreańskiej Republice Ludowo-Demokratycznej,ў Карэйскай Народна-Дэмакратычнай Рэспубліцы,у Корейській Народно-Демократичній Республіці,в Корейской Народно-Демократической Республике,в Корейската народнодемократична република,v Demokratični ljudski republiki Koreji,v Korejské lidově demokratické republice,in the Democratic People's Republic of Korea,Kore Demokratik Halk Cumhuriyeti'nde
w Korei Południowej,ў Паўднёвай Карэі,у Південній Кореї,в Южной Корее,в Южна Корея,v Južni Koreji,v Jižní Koreji,in South Korea,Güney Kore'de
na Kubie,на Кубе,на Кубі,на Кубе,в Куба,na Kubi,na Kubě,in Cuba,Küba'da
w Kuwejcie,ў Кувейце,у Кувейті,в Кувейте,в Кувейт,v Kuvajtu,v Kuvajtu,in Kuwait,Kuveyt'te
na Łotwie,ў Латвіі,в Латвії,в Латвии,в Латвия,v Latviji,v Lotyšsku,in Latvia,Letonya'da
w Libanie,ў Ліване,у Лівані,в Ливане,в Ливан,v Libanonu,v Libanonu,in Lebanon,Lübnan'da
w Libii,ў Лівіі,у Лівії,в Ливии,в Либия,v Libiji,v Libyi,in Libya,Libya'da
na Litwie,ў Літве,в Литві,в Литве,в Литва,v Litvi,v Litvě,in Lithuania,Litvanya'da
w Liechtensteinie,ў Ліхтэнштэйне,у Ліхтенштейні,в Лихтенштейне,в Лихтенщайн,v Lihtenštajnu,v Lichtenštejnsku,in Liechtenstein,Lihtenştayn'da
w Luksemburgu,ў Люксембургу,у Люксембурзі,в Люксембурге,в Люксембург,v Luksemburgu,v Lucembursku,in Luxembourg,Lüksemburg'da
w Mauretanii,ў Маўрытаніі,у Мавританії,в Мавритании,в Мавритания,v Mavretaniji,v Mauritánii,in Mauritania,Moritanya'da
na Madagaskarze,на Мадагаскары,на Мадагаскарі,на Мадагаскаре,в Мадагаскар,na Madagaskarju,na Madagaskaru,in Madagascar,Madagaskar'da
w Malezji,ў Малайзіі,у Малайзії,в Малайзии,в Малайзия,v Maleziji,v Malajsii,in Malaysia,Malezya'da
w Maliu,на Малі,на Малі,на Мали,в Мали,v Maliju,v Mali,in Mali,Mali'de
na Malediwach,на Мальдывах,на Мальдівах,на Мальдивах,на Малдивите,na Maldivih,na Maledivách,in the Maldives,Maldivler'de
na Malcie,на Мальце,на Мальті,на Мальте,в Малта,na Malti,na Maltě,in Malta,Malta'da
w Maroku,ў Марока,у Марокко,в Марокко,в Мароко,v Maroku,v Maroku,in Marocco,Fas'ta
w Meksyku,ў Мексіцы,у Мексиці,в Мексике,в Мексико,v Mehiki,v Mexiku,in Mexico,Meksika'da
w Mołdawii,ў Малдавіі,в Молдові,в Молдавии,в Молдова,v Moldaviji,v Moldavsku,in Moldavia,Moldova'da
w Monako,ў Манака,у Монако,в Монако,в Монако,v Monaku,v Monaku,in Monaco,Monako'da
w Mongolii,ў Манголіі,У Монголії,В Монголии,В Монголия,V Mongoliji,V Mongolsku,In Mongolia,Moğolistan'da
w Nigerii,ў Нігерыі,у Нігерії,в Нигерии,в Нигерия,v Nigeriji,v Nigérii,in Nigeria,Nijerya'da
w Holandii,ў Нідэрландах,у Нідерландах,в Нидерландах,в Холандия,na Nizozemskem,V Nizozemsku,in the Netherlands,Hollanda'da
w Nowej Zelandii,ў Новай Зеландыі,у Новій Зеландії,в Новой Зеландии,в Нова Зеландия,na Novi Zelandiji,na Novém Zélandu,in New Zealand,Yeni Zelanda'da
w Norwegii,ў Нарвегіі,в Норвегії,в Норвегии,в Норвегия,na Norveškem,v Norsku,in Norway,Norveçte
w Zjednoczonych Emiratach Arabskich,у Аб'яднаных Арабскіх Эміратах,в Об'єднаних Арабських Еміратах,в Объединенных Арабских Эмиратах,в Обединените арабски емирства,v Združenih arabskih emiratih,ve Spojených arabských emirátech,in the United Arab Emirates,Birleşik Arap Emirlikleri'nde
w Omanie,у Амане,в Омані,в Омане,в Оман,v Omanu,v Ománu,in Oman,Umman'da
w Pakistanie,ў Пакістане,у Пакистані,в Пакистане,в Пакистан,v Pakistanu,v Pákistánu,in Pakistan,Pakistan'da
w Peru,ў Перу,у Перу,в Перу,в Перу,v Peruju,v Peru,in Peru,Peru'da
w Polsce,ў Польшчы,в Польщі,в Польше,в Полша,na Poljskem,v Polsku,in Poland,Polonya'da
w Portugalii,ў Партугаліі,у Португалії,в Португалии,в Португалия,na Portugalskem,v Portugalsku,in Portugal,Portekizde
w Rosji,ў Расеі,в Росії,в России,в Русия,v Rusiji,v Rusku,in Russia,Rusya'da
w Rumunii,ў Румыніі,у Румунії,в Румынии,в Румъния,v Romuniji,v Rumunsku,in Romania,Romanya'da
W Arabii Saudyjskiej,ў Саудаўскай Аравіі,у Саудівській Аравії,в Саудовской Аравии,в Саудитска Арабия,v Savdski Arabiji,v Saúdské Arábii,in Saudi Arabia,Suudi Arabistanda
w Macedonii,ў Македоніі,у Македонії,в Македонии,в Македония,v Makedoniji,v Makedonii,in Macedonia,Makedonya'da
w Serbii,ў Сербіі,у Сербії,в Сербии,в Сърбия,v Srbiji,v Srbsku,in Serbia,Sırbistan'da
w Singapurze,ў Сінгапуры,у Сінгапурі,в Сингапуре,в Сингапур,v Singapurju,v Singapuru,in Singapore,Singapur'da
w Syrii,ў Сірыі,у Сирії,в Сирии,в Сирия,v Siriji,v Sýrii,in Syria,Suriye'de
na Słowacji,ў Славакіі,у Словаччині,в Словакии,в Словакия,na Slovaškem,na Slovensku,in Slovakia,Slovakya'da
w Słowenii,ў Славеніі,у Словенії,в Словении,в Словения,v Sloveniji,ve Slovinsku,in Slovenia,Slovenya'da
w Stanach Zjednoczonych Ameryki,ў Злучаных Штатах Амерыкі,у Сполучених Штатах Америки,в Соединенных Штатах Америки,в Съединените американски щати,v Združenih državah Amerike,ve Spojených státech amerických,in the United States of America,Amerika Birleşik Devletleri'nde
w Somalii,ў Самалі,у Сомалі,в Сомали,в Сомалия,v Somaliji,v Somálsku,in Somalia,Somali'de
w Sudanie,ў Судане,у Судані,в Судане,в Судан,v Sudanu,v Súdánu,in Sudan,Sudan'da
W Tadżykistanie,ў Таджыкістане,У Таджикистані,В Таджикистане,В Таджикистан,V Tadžikistanu,V Tádžikistánu,In Tajikistan,Tacikistan'da
w Tajlandii,ў Тайландзе,у Таїланді,в Таиланде,в Тайланд,na Tajskem,v Thajsku,in Thailand,Tayland'da
w Tanzanii,ў Танзаніі,у Танзанії,в Танзании,в Танзания,v Tanzaniji,v Tanzanii,in Tanzania,Tanzanya'da
w Tunezji,ў Тунісе,у Тунісі,в Тунисе,в Тунис,v Tuniziji,v Tunisku,in Tunisia,Tunus'da
w Turkmenistanie,ў Туркменіі,у Туркменії,в Туркмении,в Туркменистан,v Turkmenistanu,v Turkmenistánu,in Turkmenistan,Türkmenistan'da
w Uzbekistanie,ва Узбекістане,в Узбекістані,в Узбекистане,в Узбекистан,v Uzbekistanu,v Uzbekistánu,in Uzbekistan,Özbekistan'da
na Ukrainie,ва Украіне,на Україні,на Украине,в Украйна,v Ukrajini,na Ukrajině,in Ukraine,Ukrayna'da
w Finlandii,ў Фінляндыі,у Фінляндії,в Финляндии,във Финландия,na Finskem,ve Finsku,in Finland,Finlandiya'da
we Francji,ў Францыі,у Франції,во Франции,във Франция,v Franciji,ve Francii,in France,Fransa'da
w Chorwacji,ў Харватыі,у Хорватії,в Хорватии,в Хърватия,na Hrvaškem,v Chorvatsku,in Croatia,Hırvatistan'da
w Czarnogórze,ў Чарнагорыі,у Чорногорії,в Черногории,в Черна гора,v Črni gori,v Černé Hoře,in Montenegro,Karadağ'da
w Czechach,ў Чэхіі,у Чехії,в Чехии,в Чехия,na Češkem,v České republice,in the Czech Republic,Çek Cumhuriyeti'nde
w Chile,ў Чылі,у Чилі,в Чили,в Чили,v Čilu,v Chile,in Chile,Şili'de
w Szwajcarii,ў Швейцарыі,в Швейцарії,в Швейцарии,в Швейцария,v Švici,ve Švýcarsku,in Switzerland,İsviçre'de
w Szwecji,ў Швецыі,в Швеції,в Швеции,в Швеция,na Švedskem,ve Švédsku,in Sweden,isveçte
na Sri Lance,на Шры-Ланцы,на Шрі-Ланці,на Шри-Ланке,в Шри Ланка,na Šrilanki,na Srí Lance,in Sri Lanka,Sri Lanka'da
w Ekwadorze,у Эквадоры,в Еквадорі,в Эквадоре,в Еквадор,v Ekvadorju,v Ekvádoru,in Ecuador,Ekvador'da
w Gwinei,ў Гвінеі,у Гвінеї,в Гвинее,в Гвинея,v Gvineji,v Guineji,in Guinea,Gine'de
w Estonii,у Эстоніі,В Естоніі,в Эстонии,в Естония,v Estoniji,v Estonsku,in Estonia,Estonya'da
w Sudanie,ў Судане,у Судані,в Судане,в Судан,v Sudanu,v Súdánu,in Sudan,Sudan'da
w Japonii,у Японіі,в Японії,в Японии,в Япония,na Japonskem,v Japonsku,in Japan,Japonyada
na Jamajce,на Ямайцы,на Ямайці,на Ямайке,в Ямайка,na Jamajki,na Jamajce,in Jamaica,Jamaika'da
w Briańsku,ў Бранску,у Брянську,в Брянске,в Брянск,v Brjansku,v Brjansku,in Bryansk,Bryansk'ta
w Ramenskom,ў Раменскім,у Раменському,в Раменском,в Раменское,v Ramenskoye,v Ramenskoje,in Ramenskoye,Ramenskoye'de
w Riazaniu,ў Разані,в Рязані,в Рязани,в Рязан,v Ryazanu,v Rjazani,in Ryazan,Ryazan'da
w Rybińsku,ў Рыбінску,у Рибінську,в Рыбинске,в Рибинск,v Rybinsku,v Rybinsku,in Rybinsk,Rybinsk'te
w Sybaju,ў Сібаі,у Сібаї,в Сибае,в Сибай,v Sibayu,v Sibay,in Sibay,Sibay'da
w Michajłowce,ў Міхайлаўцы,У Михайлівці,В Михайловке,в Михайловка,v Mihailovki,v Michajlovce,in Mikhailovka,Mihaylovka'da
w Kisielewsku,ў Кісялёўску,у Киселівську,в Киселевске,в Киселевск,v Kiselevsku,v Kiselevsku,in Kiselevsk,Kiselevsk'te
w Nowoczeboksarsku,ў Навачэбаксарску,у Новочебоксарську,в Новочебоксарске,в Новочебоксарск,v Novocheboksarsku,v Novocheboksarsku,in Novocheboksarsk,Novocheboksarsk'ta
w Obnińsku,у Обнінску,в Обнінську,в Обнинске,в Обнинск,v Obninsku,v Obninsku,in Obninsk,Obninsk'te
w Odincowie,у Адзінцова,в Одинцовому,в Одинцово,в Одинцово,v Odintsovem,v Odintsovu,in Odintsovo,Odintsovo'da
w Aczyńsku,у Ачынску,в Ачинську,в Ачинске,в Ачинск,v Ačinsku,v Achinsku,in Achinsk,Achinsk'te
w Muromie,ў Мураме,у Муромі,в Муроме,в Муром,v Muromu,v Muromu,in Murom,Murom'da
w Georgiewsku,ў Георгіеўску,у Георгіївську,в Георгиевске,в Георгиевск,v Georgievsku,v Georgijevsku,in Georgievsk,Georgievsk'te
w Nieftekamsku,ў Нафцякамску,у Нефтекамську,в Нефтекамске,в Нефтекамск,v Neftekamsku,v Neftekamsku,in Neftekamsk,Neftekamsk'ta
w Siewieromorsku,ў Паўночнаморску,у Північноморську,в Североморске,в Североморск,v Severomorsku,v Severomorsku,in Severomorsk,Severomorsk'ta
w Kostromie,ў Кастраме,у Костромі,в Костроме,в Кострома,v Kostromi,v Kostromě,in Kostroma,Kostroma'da
w Krasnokamsku,ў Краснакамску,у Краснокамську,в Краснокамске,в Краснокамск,v Krasnokamsku,v Krasnokamsku,in Krasnokamsk,Krasnokamsk'ta
w Łobnie,ў Лобні,у Лобні,в Лобне,в Лобня,v Lobnji,v Lobnyi,in Lobnya,Lobnya'da
w Tule,ў Туле,у Тулі,в Туле,в Тула,v Tuli,v Tule,in Tula,Tula'da
w Michajłowsku,ў Міхайлаўску,у Михайлівську,в Михайловске,в Михайловск,v Mihajlovsku,v Michajlovsku,in Mikhailovsk,Mihaylovsk'ta
w Chimkach,ў Хімках,у Хімках,в Химках,в Химки,v Khimkiju,v Chimki,in Khimki,Khimki'de
w Kineszmie,ў Кінешме,у Кінешмі,в Кинешме,в Кинешма,v Kineshmi,v Kineshmě,in Kineshma,Kineşma'da
w Jużnosachalińsku,ў Паўднёва-Сахалінску,у Южно-Сахалінську,в Южно-Сахалинске,в Южно-Сахалинск,v Južno-Sahalinsku,v Južno-Sachalinsku,in Yuzhno-Sakhalinsk,Yuzhno-Sakhalinsk'te
we Szczekinie,ў Шчокіна,в Щекіне,в Щекино,в Щекино,v Shchekinu,v Shchekino,in Shchekino,Shchekino'da
w Magadanie,ў Магадане,у Магадані,в Магадане,в Магадан,v Magadanu,v Magadanu,in Magadan,Magadan'da
w Ussuryjsku,ва Усурыйску,в Уссурійську,в Уссурийске,в Усурийск,v Ussuriysku,v Ussurijsku,in Ussuriysk,Ussuriysk'te
w Azowie,у Азове,в Азові,в Азове,в Азов,v Azovu,v Azovu,in Azov,Azak'ta
w Chitie,ў Чыце,у Читі,в Чите,в Чита,v Chiti,v Chitě,in Chita,Chita'da
we Władykaukazie,ва Уладзікаўказе,у Владикавказі,во Владикавказе,във Владикавказ,v Vladikavkazu,ve Vladikavkazu,in Vladikavkaz,Vladikavkaz'da
w Gubkinie,ў Губкіне,у Губкіні,в Губкине,в Губкин,v Gubkinu,v Gubkinu,in Gubkin,Gubkin'de
w Mieżdurieczeńsku,ў Міжрэчанску,у Міжріченську,в Междуреченске,в Междуреченск,v Mezhdurechensku,v Mezhdurechensku,in Mezhdurechensk,Mezhdurechensk'ta
w Nieftiejugańsku,ў Нафцеюганску,у Нафтоюганську,в Нефтеюганске,в Нефтеюганск,v Nefteyugansku,v Neftejugansku,in Nefteyugansk,Nefteyugansk'ta
w Zelenodolsku,ў Зеленадольску,у Зеленодольську,в Зеленодольске,в Зеленодолск,v Zelenodolsku,v Zelenodolsku,in Zelenodolsk,Zelenodolsk'ta
w Czechowie,ў Чэхаве,у Чехові,в Чехове,в Чехов,v Čehovu,v Čechově,in Chekhov,Çehov'da
w Woroneżu,у Варонежы,у Воронежі,в Воронеже,във Воронеж,v Voronežu,ve Voroněži,in Voronezh,Voronej'de
w Zelenogorsku,ў Зеленагорску,у Зеленогірську,в Зеленогорске,в Зеленогорск,v Zelenogorsku,v Zelenogorsku,in Zelenogorsk,Zelenogorsk'ta
w Biełowie,ў Бялова,в Білово,в Белово,в Белово,v Belovem,v Belovu,in Belovo,Belovo'da
w Gudermesie,ў Гудэрмесе,у Гудермесі,в Гудермесе,в Гудермес,v Gudermesu,v Gudermes,in Gudermes,Gudermes'te
w Bieriezowskim,ў Бярозаўскім,у Березівському,в Березовском,в Березовски,v Berezovskem,v Berezovském,in Berezovsky,Berezovsky'de
w Ust-Ilimsku,ва Усць-Ілімску,в Усть-Ілімську,в Усть-Илимске,в Уст-Илимск,v Ust-Ilimsku,v Usť-Ilimsku,in Ust-Ilimsk,Ust-Ilimsk'te
w Serpuchowie,ў Серпухаве,у Серпухові,в Серпухове,в Серпухов,v Serpuhovu,v Serpuchově,in Serpukhov,Serpukhov'da
w Aleksinie,у Алексіне,в Олексині,в Алексине,в Алексин,v Aleksinu,v Aleksinu,in Aleksin,Aleksin'de
w Siewiersku,ў Северску,у Сіверську,в Северске,в Северск,v Seversku,v Seversku,in Seversk,Seversk'te
w Izberbaszu,у Ізбербашы,в Ізбербаші,в Избербаше,в Избербаш,v Izberbashu,v Izberbashi,in Izberbash,İzberbaş'ta
w Wierchniej Pyszmie,у Верхняй Пышме,у Верхній Пишмі,в Верхней Пышме,във Верхня Пишма,v Verkhnyaya Pyshma,ve Verkhnyaya Pyshma,in Verkhnyaya Pyshma,Verkhnyaya Pyshma'da
w Gusie-Khrustalnym,ў Гусе-Крыштальным,в Гусі-Кришталевому,в Гусе-Хрустальном,в Гус-Хрустални,v Gus-Khrustalnyju,v Gus-Khrustalny,in Gus-Khrustalny,Gus-Khrustalny'de
w Krasnokamieńsku,ў Краснакаменску,у Краснокаменську,в Краснокаменске,в Краснокаменск,v Krasnokamensku,v Krasnokamensku,in Krasnokamensk,Krasnokamensk'te
w Klinie,ў Кліне,у Клині,в Клине,в Клин,v Klinu,v Klinu,in Klin,Klin'de
w Kurganie,ў Кургане,у Кургані,в Кургане,в Курган,v Kurganu,v Kurganu,in Kurgan,Kurgan'da
w Nowosybirsku,ў Новасібірску,В Новосибірську,в Новосибирске,в Новосибирск,v Novosibirsku,v Novosibirsku,in Novosibirsk,Novosibirsk'te
w Kaspijsku,ў Каспійску,у Каспійську,в Каспийске,в Каспийск,v Kaspijsku,v Kaspijsku,in Kaspiysk,Kaspiysk'te
w Norylsku,ў Нарыльску,у Норильську,в Норильске,в Норилск,v Norilsku,v Norilsku,in Norilsk,Norilsk'te
W Niżnym Nowogrodzie,ў Ніжнім Ноўгарадзе,у Нижньому Новгороді,в Нижнем Новгороде,В Нижни Новгород,V Nižnjem Novgorodu,V Nižním Novgorodu,In Nizhniy Novgorod,Nijniy Novgorod'da
w Czelabińsku,ў Чэлябінску,у Челябінську,в Челябинске,в Челябинск,v Čeljabinsku,v Čeljabinsku,in Chelyabinsk,Çelyabinsk'te
w Barnaule,ў Барнавуле,у Барнаулі,в Барнауле,в Барнаул,v Barnaulu,v Barnaul,in Barnaul,Barnaul'da
w Smoleńsku,ў Смаленску,у Смоленську,в Смоленске,в Смоленск,v Smolensku,ve Smolensku,in Smolensk,Smolensk'te
w Bugulmie,ў Бугульме,у Бугульмі,в Бугульме,в Бугулма,v Bugulmi,v Bugulmě,in Bugulma,Bugulma'da
w Surgutie,ў Сургуце,у Сургуті,в Сургуте,в Сургут,v Surgutu,v Surgutu,in Surgut,Surgut'ta
w Vyksie,у Выксе,у Виксі,в Выксе,във Викса,v Vyksi,ve Vykse,in Vyksa,Vyksa'da
w Shuje,ў Шуе,у Шуї,в Шуе,в Шуя,v Shuyi,v Shuya,in Shuya,Shuya'da
w Żygulewsku,ў Жыгулёўску,у Жигулівську,в Жигулевске,в Жигулевск,v Žigulevsku,v Žigulevsku,in Zhigulevsk,Zhigulevsk'ta
w Sterlitamaku,ў Сцерлітамаку,у Стерлітамаку,в Стерлитамаке,в Стерлитамак,v Sterlitamaku,ve Sterlitamaku,in Sterlitamak,Sterlitamak'ta
w Uljanowsku,ва Ульянаўску,в Ульяновську,в Ульяновске,в Уляновск,v Uljanovsku,v Uljanovsku,in Ulyanovsk,Ulyanovsk'ta
w Zarechnym,ў Зарэчным,у Зарічному,в Заречном,в Заречни,v Zarechnyju,v Zarechném,in Zarechny,Zarechny'de
w Łytkarinie,ў Лыткарына,в Литкаріне,в Лыткарино,в Литкарино,v Lytkarinu,v Lytkarinu,in Lytkarino,Lytkarino'da
w Armavirze,у Армавіры,в Армавірі,в Армавире,в Армавир,v Armavirju,v Armaviru,in Armavir,Armavir'de
w Biełogorsku,ў Белагорску,у Білогірську,в Белогорске,в Белогорск,v Belogorsku,v Belogorsku,in Belogorsk,Belogorsk'ta
w Aleksandrowie,у Аляксандраве,в Олександрові,в Александрове,в Александров,v Aleksandrovu,v Alexandrově,in Alexandrov,Alexandrov'da
w Szadrińsku,ў Шадрынску,у Шадрінську,в Шадринске,в Шадринск,v Šadrinsku,v Shadrinsku,in Shadrinsk,Shadrinsk'te
w Rostowie nad Donem,ў Растове-на-Доне,у Ростові-на-Дону,в Ростове-на-Дону,в Ростов на Дон,v Rostovu na Donu,v Rostově na Donu,in Rostov-on-Don,Rostov-on-Don'da
w Kropotkinie,ў Крапоткіне,у Кропоткіні,в Кропоткине,в Кропоткин,v Kropotkinu,v Kropotkinu,in Kropotkin,Kropotkin'de
w Puszkinie,ў Пушкіна,в Пушкіне,в Пушкино,в Пушкино,v Puškinu,v Pushkino,in Pushkino,Puşkino'da
w Mineralnych Wodach,ў Мінеральных Водах,у Мінеральних Водах,в Минеральных Водах,в Минерални Води,v Mineralnih Vodah,v Minerálních Vodách,in Mineralnye Vody,Mineralnye Vody'de çalışıyor
w Revdie,ў Рэўдзе,у Ревді,в Ревде,в Ревда,v Revdi,v Revdě,in Revda,Revda'da
w Borisoglebsku,ў Барысаглебску,у Борисоглібську,в Борисоглебске,в Борисоглебск,v Borisoglebsku,v Borisoglebsku,in Borisoglebsk,Borisoglebsk'te
w Krasnodarze,ў Краснадары,у Краснодарі,в Краснодаре,в Краснодар,v Krasnodarju,v Krasnodaru,in Krasnodar,Krasnodar'da
w Noworosyjsku,ў Наварасійску,в Новоросійську,в Новороссийске,в Новоросийск,v Novorossiysku,v Novorossijsku,in Novorossiysk,Novorossiysk'te
w Buzuluku,ў Бузулуку,у Бузулуку,в Бузулуке,в Бузулук,v Buzuluku,v Buzuluku,in Buzuluk,Buzuluk'ta
w Irkucku,у Іркуцку,в Іркутську,в Иркутске,в Иркутск,v Irkutsku,v Irkutsku,in Irkutsk,Irkutsk'ta
w Neryungriach,ў Нярунграх,у Нерюнгрях,в Нерюнгрях,в Нерюнгри,v Neryungriju,v Neryungri,in Neryungry,Neryungri'de
W Wołgogradzie,у Валгаградзе,у Волгограді,в Волгограде,във Волгоград,V Volgogradu,Ve Volgogradu,In Volgograd,Volgograd'da
w Ishimie,у Ішыме,в Ішимі,в Ишиме,в Ишим,v Ishimu,v Ishim,in Ishim,İşim'de
w Shali,ў Шалі,у Шалі,в Шали,в Шали,v Shaliju,v Šali,in Shali,Shali'de
w Miczurinsku,ў Мічурынску,у Мічурінську,в Мичуринске,в Мичуринск,v Michurinsk,v Michurinsku,in Michurinsk,Michurinsk'te
w Wotkińsku,ў Воткінску,у Воткінську,в Воткинске,във Воткинск,v Votkinsku,ve Votkinsku,in Votkinsk,Votkinsk'te
w Wyborgu,у Выбарзе,у Виборзі,в Выборге,във Виборг,v Vyborgu,ve Vyborgu,in Vyborg,Vyborg'da
w Nazraniu,ў Назрані,у Назрані,в Назрани,в Назран,v Nazranu,v Nazrani,in Nazran,Nazran'da
w Apatitach,у Апатытах,в Апатитах,в Апатитах,в Апатити,v Apatitih,v Apatity,in Apatity,Apatity'de
w Sierowu,ў Сярова,у Сірові,в Серове,в Серов,v Serovu,v Serově,in Serov,Serov'da
w Kamieńsku-Szachtinskim,ў Каменску-Шахцінскім,у Кам'янську-Шахтинському,в Каменске-Шахтинском,в Каменск-Шахтински,v mestu Kamensk-Shakhtinsky,v Kamensku-Šachtinském,in Kamensk-Shakhtinsky,Kamensk-Shakhtinsky'de
w Soczi,ў Сочы,в Сочи,в Сочи,в Сочи,v Sočiju,v Soči,in Sochi,Soçi'de
w Jegoriewsku,у Ягор'еўску,в Єгорьєвську,в Егорьевске,в Егориевск,v Jegorjevsku,v Jegorjevsku,in Yegoryevsk,Yegoryevsk'te
w Piatigorsku,ў Пяцігорску,у П'ятигорську,в Пятигорске,в Пятигорск,v Pjatigorsku,v Pjatigorsku,in Pyatigorsk,Pyatigorsk'ta
w Krymsku,ў Крымску,у Кримську,в Крымске,в Кримск,v Krimsku,v Krymsku,in Krymsk,Kırım'da
w Sarowie,ў Сарове,у Сарові,в Сарове,в Саров,v Sarovu,v Sarově,in Sarov,Sarov'da
w Tiumeni,ў Цюмені,у Тюмені,в Тюмени,в Тюмен,v Tjumenu,v Ťumenu,in Tyumen,Tyumen'de
w Żukowskim,ў Жукоўскім,у Жуківському,в Жуковском,в Жуковски,v Žukovskem,v Žukovském,in Zhukovsky,Zhukovsky'de
w Tomsku,ў Томску,у Томську,в Томске,В Томск,V Tomsku,V Tomsku,In Tomsk,Tomsk'ta
w Abakanie,у Абакане,в Абакані,в Абакане,в Абакан,v Abakanu,v Abakanu,in Abakan,Abakan'da
w Magnitogorsku,ў Магнітагорску,у Магнітогорську,в Магнитогорске,в Магнитогорск,v Magnitogorsku,v Magnitogorsku,in Magnitogorsk,Magnitogorsk'ta
w Sarańsku,ў Саранску,у Саранську,в Саранске,в Саранск,v Saransku,v Saransku,in Saransk,Saransk'ta
w Oktiabrskim,ў Кастрычніцкім,у Жовтневому,в Октябрьском,в Октябрски,v Oktjabrskem,v Oktyabrském,in Oktyabrsky,Oktyabrsky'de
w Artemie,у Арцёме,в Артемі,в Артеме,в Артем,v Artemu,v Artem,in Artem,Artem'de
w Krasnoturyńsku,ў Краснатур'інску,у Краснотур'їнську,в Краснотурьинске,в Краснотуринск,v Krasnoturinsku,v Krasnoturinsku,in Krasnoturinsk,Krasnoturinsk'te
w Liskiu,ў Ліскі,у Лисках,в Лисках,в Лиски,v Liski,v Liski,in Liski,Liski'de
we Wsiewołożsku,у Всеволожске,у Всеволожську,во Всеволожске,във Всеволожск,v Vsevolozhsku,ve Vsevolozhsku,in Vsevolozhsk,Vsevolozhsk'ta
w Permie,ў Пермі,в Пермі,в Перми,в Перм,V Permu,V Perm,In Perm,Perm'de
w Niżniewartowsku,ў Ніжневартаўску,у Нижньовартівську,в Нижневартовске,в Нижневартовск,v Nizhnevartovsku,v Nižněvartovsku,in Nizhnevartovsk,Nizhnevartovsk'ta
w Kołomnej,ў Каломне,у Коломні,в Коломне,в Коломна,v Kolomni,v Kolomně,in Kolomna,Kolomna'da
w Iskitimie,у Іскітыме,в Іскітімі,в Искитиме,в Искитим,v Iskitimu,v Iskitimu,in Iskitim,Eskitim'de
w Kogałymie,ў Кагалыме,у Когалимі,в Когалыме,в Когалим,v Kogalymu,v Kogalymu,in Kogalym,Kogalym'de
w Sarapuli,ў Сарапуле,у Сарапулі,в Сарапуле,в Сарапул,v Sarapulu,v Sarapul,in Sarapul,Sarapul'da
w Gatchinie,ў Гатчыне,у Гатчині,в Гатчине,в Гатчина,v Gatchini,v Gatchina,in Gatchina,Gatchina'da
we Włodzimierzu,ва Уладзіміры,у Володимирі,во Владимире,във Владимир,v Vladimirju,ve Vladimíru,in Vladimir,Vladimir'de
w Chistopolu,ў Чыстапалі,у Чистополі,в Чистополе,в Чистопол,v Chistopolu,v Chistopolu,in Chistopol,Chistopol'da
w Angarsku,у Ангарску,в Ангарську,в Ангарске,в Ангарск,v Angarsku,v Angarsku,in Angarsk,Angarsk'ta
w Czerkiesku,ў Чаркеску,у Черкеську,в Черкесске,в Черкеск,v Čerkesku,v Cherkessku,in Cherkessk,Çerkessk'te
w Czernogorsku,ў Чарнагорску,у Чорногорську,в Черногорске,в Черногорск,v Černogorsku,v Černogorsku,in Chernogorsk,Çernogorsk'ta
w Nowoaltajsku,ў Новаалтайску,у Новоалтайську,в Новоалтайске,в Новоалтайск,v Novoaltajsku,v Novoaltajsku,in Novoaltaysk,Novoaltaysk'ta
w Arseniewie,у Арсеньеве,в Арсеньєві,в Арсеньеве,в Арсениев,v Arsenjevu,v Arsenievu,in Arseniev,Arseniev'de
w Kemerowie,ў Кемерава,у Кемерово,в Кемерово,в Кемерово,v Kemerovu,v Kemerovu,in Kemerovo,Kemerovo'da
w Bijsku,ў Бійску,у Бійську,в Бийске,в Бийск,v Biysku,v Bijsku,in Biysk,Biysk'te
w Donskom,ў Данскім,у Донському,в Донском,в Донской,v Donskem,v Donsku,in Donskoy,Donskoy'da
w Klincach,ў Клінцах,у Клинцях,в Клинцах,в Клинци,v Klintsy,v Klintsy,in Klintsy,Klintsy'de
w Ozersku,у Азёрску,в Озерську,в Озерске,в Озерск,v Ozersku,v Ozersku,in Ozersk,Özersk'te
w Ufa,ва Уфе,в Уфі,в Уфе,в Уфа,v Ufi,v Ufě,in Ufa,Ufa'da
w Majkopie,ў Майкопе,у Майкопі,в Майкопе,в Майкоп,v Maykopu,v Maykopu,in Maykop,Maykop'ta
w Samarze,ў Самары,в Самарі,в Самаре,в Самара,v Samari,v Samaře,in Samara,Samara'da
w Chasawjurcie,ў Хасавюрце,у Хасавюрті,в Хасавюрте,в Хасавюрт,v Khasavyurtu,v Khasavjurt,in Khasavyurt,Hasavyurt'ta
w Kaliningradzie,ў Калінінградзе,в Калінінграді,в Калининграде,в Калининград,v Kaliningradu,v Kaliningradu,in Kaliningrad,Kaliningrad'da
w Almetyevsku,у Альмецьеўску,в Альметьєвську,в Альметьевске,в Алметиевск,v Almetjevsku,v Almetěvsku,in Almetyevsk,Almetyevsk'te
w Jejsku,ў Ейску,в Єйську,в Ейске,в Ейск,v Yeysku,v Yeysku,in Yeysk,Yeysk'te
w Omsku,у Омску,в Омську,в Омске,в Омск,v Omsku,v Omsku,in Omsk,Omsk'ta
w Troicku,ў Траецку,у Троїцьку,в Троицке,в Троицк,v Troitsku,v Troitsku,in Troitsk,Troitsk'te
w Moskwie,ў Маскве,у Москві,в Москве,в Москва,v Moskvi,v Moskvě,in Moscow,Moskova'da
w Wołgodońsku,у Валгадонску,у Волгодонську,в Волгодонске,във Волгодонск,v Volgodonsku,ve Volgodonsku,in Volgodonsk,Volgodonsk'ta
w Buynaksku,ў Буйнакску,у Буйнакську,в Буйнакске,в Буйнакск,v Buynaksku,v Buynaksku,in Buynaksk,Buynaksk'ta
w Taganrogu,ў Таганрозе,у Таганрозі,в Таганроге,в Таганрог,v Taganrogu,v Taganrogu,in Taganrog,Taganrog'da
w Kałudze,ў Калузе,у Калузі,в Калуге,в Калуга,v Kalugi,v Kaluze,in Kaluga,Kaluga'da
w Belorechensku,ў Беларэчанск,у Білоріченську,в Белореченске,в Белореченск,v Belorechensku,v Bělorečensku,in Belorechensk,Beloreçensk'te
w Archangielsku,у Архангельску,в Архангельську,в Архангельске,в Архангелск,v Arhangelsku,v Archangelsku,in Arkhangelsk,Arkhangelsk'te
w Dzierżyńskim,ў Дзяржынскім,у Дзержинському,в Дзержинском,в Дзержински,v Dzeržinskem,v Dzeržinském,in Dzerzhinsky,Dzerzhinsky'de
w Chanty-Mansyjsku,ў Ханты-Мансійску,у Ханти-Мансійську,в Ханты-Мансийске,в Ханти-Мансийск,v Khanty-Mansiysku,v Chanty-Mansijsku,in Khanty-Mansiysk,Khanty-Mansiysk'te
w Elektrostalu,ў Электрасталі,в Електросталі,в Электростали,в Електростал,v Elektrostalu,v Elektrostalu,in Elektrostal,Elektrostal'da
w Anzhero-Sudzhensku,у Анжэра-Суджэнску,в Анжеро-Судженську,в Анжеро-Судженске,в Анжеро-Судженск,v Anžeru-Sudžensku,v Anžeru-Sudžensku,in Anzhero-Sudzhensk,Anzhero-Sudzhensk'ta
we Stupinie,ў Ступіна,в Ступіно,в Ступино,до Ступино,v Stupino,do Stupina,to Stupino,Stupino'ya
w Elistie,ў Элісце,в Елісті,в Элисте,в Елиста,v Elisti,v Elista,in Elista,Elista'da
w Jełabuge,у Елабузе,в Єлабузі,в Елабуге,в Елабуга,v Yelabugi,v Yelabuga,in Yelabuga,Yelabuga'da
w Czeboksarach,ў Чабаксарах,у Чебоксарах,в Чебоксарах,в Чебоксари,v Čeboksariju,v Čeboksarech,in Cheboksary,Cheboksary'de
w Petersburgu,ў Санкт-Пецярбургу,в Санкт-Петербурзі,в Санкт-Петербурге,в Санкт Петербург,v Sankt Peterburgu,v Petrohradě,in St. Petersburg,Petersburg'da
w Lubiercach,ў Люберцах,у Люберцях,в Люберцах,в Люберци,v mestu Lyubertsy,v Ljubertsy,in Lyubertsy,Lyubertsy'de
w Nachodce,ў Знаходцы,у Знахідці,в Находке,в Находка,v Nakhodki,v Nachodce,in Nakhodka,Nakhodka'da
w Minusińsku,ў Мінусінску,у Мінусинську,в Минусинске,в Минусинск,v Minusinsku,v Minusinsku,in Minusinsk,Minusinsk'te
w Siergijew Posadzie,ў Сергіевым Пасадзе,у Сергієвому Посаді,в Сергиевом Посаде,в Сергиев Посад,v Sergijevem Posadu,v Sergiev Posad,in Sergiev Posad,Sergiev Posad'da
w Kamyszynie,ў Камышыне,у Камишині,в Камышине,в Камишин,v Kamyshinu,v Kamyšinu,in Kamyshin,Kamyshin'de
w Salsku,ў Сальску,у Сальську,в Сальске,в Салск,v Salsku,v Salsku,in Salsk,Salsk'ta
w Biełgorodzie,ў Белгарадзе,у Білгороді,в Белгороде,в Белгород,v Belgorodu,v Belgorodu,in Belgorod,Belgorod'da
w Kungurze,ў Кунгуры,у Кунгурі,в Кунгуре,в Кунгур,v Kungurju,v Kunguru,in Kungur,Kungur'da
w Machaczkale,ў Махачкале,у Махачкалі,в Махачкале,в Махачкала,v Mahačkali,v Machačkale,in Makhachkala,Mahaçkale'de
w Tichorecku,ў Ціхарэцку,у Тихорецьку,в Тихорецке,в Тихорецк,v Tihorecsku,v Tichoretsku,in Tikhoretsk,Tihoretsk'te
w Swobodnym,ў Свабодным,у Вільному,в Свободном,в Свободни,v Svobodnem,ve Svobodných,in Svobodny,Svobodny'de
w Bałaszychie,ў Балашысе,у Балашихі,в Балашихе,в Балашиха,v Balashikhi,v Balashikha,in Balashikha,Balashikha'da
w Nowokuźniecku,ў Новакузнецку,у Новокузнецьку,в Новокузнецке,в Новокузнецк,v Novokuznetsku,v Novokuzněcku,in Novokuznetsk,Novokuznetsk'te
w Pervouralsku,ў Першаўральску,у Первоуральську,в Первоуральске,в Первоуральск,v Pervouralsku,v Pervouralsku,in Pervouralsk,Pervouralsk'ta
w Podolsku,ў Падольску,у Подільську,в Подольске,в Подолск,v Podolsku,v Podolsku,in Podolsk,Podolsk'ta
w Joszkar-Oła,ў Йошкар-Оле,у Йошкар-Олі,в Йошкар-Оле,в Йошкар-Ола,v Yoshkar-Oli,v Yoshkar-Ola,in Yoshkar-Ola,Yoshkar-Ola'da
w Rubcowsk,ў Рубцоўску,у Рубцовську,в Рубцовске,в Рубцовск,v Rubcovsku,v Rubcovsku,in Rubtsovsk,Rubtsovsk'ta
w Meleuzie,ў Мелеузе,у Мелеузі,в Мелеузе,в Мелеуз,v Meleuzu,v Meleuz,in Meleuz,Meleuz'da
we Friazinie,ў Фразіна,у Фрязіному,во Фрязино,във Фрязино,v Fryazinu,ve Fryazinu,in Fryazino,Fryazino'da
w Astrachaniu,у Астрахані,в Астрахані,в Астрахани,в Астрахан,v Astrahanu,v Astrachani,in Astrakhan,Astrakhan'da
w Nalczyku,ў Нальчыку,у Нальчику,в Нальчике,в Налчик,v Nalčiku,v Nalčiku,in Nalchik,Nalçik'te
w Żeleznogorsku,ў Жалезнагорску,у Залізногірську,в Железногорске,в Железногорск,v Železnogorsku,v Železnogorsku,in Zheleznogorsk,Zheleznogorsk'ta
w Górnoałtajsku,ў Горна-Алтайску,у Горно-Алтайську,в Горно-Алтайске,в Горно-Алтайск,v Gorno-Altajsku,v Gorno-Altajsku,in Gorno-Altaisk,Gorno-Altaysk'ta
w Kowrowie,ў Дыване,у Коврові,в Коврове,в Ковров,v Kovrovu,v Kovrově,in Kovrov,Kovrov'da
w Woskriesiensku,у Васкрасенску,у Воскресенську,в Воскресенске,във Воскресенск,v Voskresensku,ve Voskresensku,in Voskresensk,Voskresensk'te
w Czapajewsku,ў Чапаеўску,у Чапаєвську,в Чапаевске,в Чапаевск,v Čapajevsku,v Čapajevsku,in Chapaevsk,Chapaevsk'te
w Sunzhe,ў Сунжы,у Сунжі,в Сунже,в Сунжа,v Sunži,v Sunzha,in Sunzha,Sunzha'da
w Tobolsku,ў Табольску,у Тобольську,в Тобольске,в Тоболск,v Tobolsku,v Tobolsku,in Tobolsk,Tobolsk'ta
w Dubnej,ў Дубне,у Дубні,в Дубне,в Дубна,v Dubni,v Dubně,in Dubna,Dubna'da
w Salechardzie,ў Салехардзе,у Салехарді,в Салехарде,в Салехард,v Salehardu,v Salechardu,in Salekhard,Salekhard'da
w Arzamasie,у Арзамасе,в Арзамасі,в Арзамасе,в Арзамас,v Arzamasu,v Arzamas,in Arzamas,Arzamas'ta
w Nowouralsku,ў Новаўральску,у Новоуральську,в Новоуральске,в Новоуральск,v Novouralsku,v Novouralsku,in Novouralsk,Novouralsk'ta
w Rossoszu,ў Россошы,в Росоші,в Россоши,в Росош,v Rossoshu,v Rossosh,in Rossosh,Rossosh'ta
w Dimitrowgradzie,ў Дзімітраўградзе,у Димитровграді,в Димитровграде,в Димитровград,v Dimitrovgradu,v Dimitrovgradu,in Dimitrovgrad,Dimitrovgrad'da
we Sławiańsku nad Kubaniem,ў Славянску-на-Кубані,у Слов'янську-на-Кубані,в Славянске-на-Кубани,в Славянск-на-Кубан,v Slavjansku na Kubanu,ve Slavjansku na Kubáni,in Slavyansk-on-Kuban,Slavyansk-on-Kuban'da
we Wielkim Łuku,у Вялікіх Луках,у Великих Луках,в Великих Луках,във Велики Луки,v Velikih Lukih,ve Velikiye Luki,in Velikiye Luki,Velikiye Luki'de
w Złatoustu,ў Залатавусце,у Златоусті,в Златоусте,в Златоуст,v Zlatoustu,ve Zlatoustu,in Zlatoust,Zlatoust'ta
w Jarosławiu,у Яраслаўлі,в Ярославлі,в Ярославле,в Ярославъл,v Jaroslavlju,v Jaroslavli,in Yaroslavl,Yaroslavl'da
w Ułan-Ude,ва Улан-Удэ,в Улан-Уде,в Улан-Удэ,в Улан-Уде,v Ulan-Udeju,v Ulan-Ude,in Ulan-Ude,Ulan-Ude'de
w Kirowie,ў Кіраве,у Кірові,в Кирове,в Киров,v Kirovu,v Kirově,in Kirov,Kirov'da
we Wolsku,у Вольску,у Вольську,в Вольске,във Волск,v Volsku,ve Volsku,in Volsk,Volsk'ta
w Nabierieżnych Czełnach,ў Набярэжных Чоўнах,у Набережних Човнах,в Набережных Челнах,в Набережни Челни,v Naberežnih Čelnih,v Naberezhnye Chelny,in Naberezhnye Chelny,Naberezhnye Chelny'de çalışıyor
w Wołogdzie,у Волагдзе,у Вологді,в Вологде,във Вологда,v Vologdi,ve Vologdě,in Vologda,Vologda'da
we Wiazmie,у Вязьме,у Вязьмі,в Вязьме,във Вязма,v Vyazmi,ve Vjazmě,in Vyazma,Vyazma'da
w Nowotroicku,ў Наватроіцку,у Новотроїцьку,в Новотроицке,в Новотроицк,v Novotroicku,v Novotroitsku,in Novotroitsk,Novotroitsk'te
w Iwantejewce,у Іванцееўцы,в Івантіївці,в Ивантеевке,в Ивантеевка,v Ivanteevki,v Ivanteevce,in Ivanteevka,Ivanteevka'da
w Prochladnym,ў Прахалодным,у Прохолодному,в Прохладном,в Прохладни,v Prohladnem,v Prochhladném,in Prokhladny,Prokhladny'de
w Azbestu,у Асбесце,в Асбесті,в Асбесте,в Азбест,v Azbestu,v Asbestu,in Asbest,Asbest'te
w Nowym Urengoju,ў Новым Урэнгоі,у Новому Уренгої,в Новом Уренгое,в Нови Уренгой,v Novem Urengoju,v Novém Urengoji,in Novy Urengoy,Novy Urengoy'da
we Sertołowie,ў Сертолава,у Сертоловому,в Сертолово,до Сертолово,v Sertolovo,do Sertolova,to Sertolovo,Sertolovo'ya
w Jurdze,у Юргу,у Юрзі,в Юрге,в Юрга,v Yurgi,v Yurgě,in Yurga,Yurga'da
w Salavatu,ў Салаваце,у Салаваті,в Салавате,в Салават,v Salavatu,v Salavatu,in Salavat,Salavat'ta
w Błagowieszczeńsku,ў Благавешчанску,у Благовіщенську,в Благовещенске,в Благовещенск,v Blagoveščensku,v Blagoveščensku,in Blagoveshchensk,Blagoveşçensk'te
w Jelecie,у Ельцы,в Єльці,в Ельце,в Елец,v Yeletsu,v Yelets,in Yelets,Yelets'te
w Chabarowsku,ў Хабараўску,у Хабаровську,в Хабаровске,в Хабаровск,v Habarovsku,v Chabarovsku,in Khabarovsk,Habarovsk'ta
w Nowoczerkasku,ў Новачаркаску,у Новочеркаську,в Новочеркасске,в Новочеркаск,v Novočerkasku,v Novočerkassku,in Novocherkassk,Novoçerkassk'ta
w Leninogorsku,ў Ленінагорску,у Леніногорську,в Лениногорске,в Лениногорск,v Leninogorsku,v Leninogorsku,in Leninogorsk,Leninogorsk'ta
w Togliatti,ў Тальяці,у Тольятті,в Тольятти,в Толиати,v Togliattiju,v Togliatti,in Tolyatti,Togliatti'de
w Krasnogorsku,ў Краснагорску,у Красногірську,в Красногорске,в Красногорск,v Krasnogorsku,v Krasnogorsku,in Krasnogorsk,Krasnogorsk'ta
w Orelu,у Арле,в Орлі,в Орле,в Орел,v Orelu,v Orelu,in Orel,Orel'de
w Gelendżyku,ў Геленджыку,у Геленджику,в Геленджике,в Геленджик,v Gelendžiku,v Gelendžiku,in Gelendzhik,Gelendzhik'te
w Berdsku,ў Бердску,у Бердську,в Бердске,в Бердск,v Berdsku,v Berdsku,in Berdsk,Berdsk'te
w Wołżskim,у Волжскім,у Волзькому,в Волжском,във Волжски,v Volžskem,ve Volžském,in Volzhsky,Volzhsky'de
we Władywostoku,ва Уладзівастоку,у Владивостоку,во Владивостоке,във Владивосток,v Vladivostoku,ve Vladivostoku,in Vladivostok,Vladivostok'ta
we Rżewie,ў Ржэве,у Ржеві,во Ржеве,в Ржев,v Rževu,v Rževu,in Rzhev,Rzhev'de
w Niżnym Tagile,ў Ніжнім Тагіле,у Нижньому Тагілі,в Нижнем Тагиле,в Нижни Тагил,v Nižnem Tagilu,v Nižném Tagilu,in Nizhny Tagil,Nizhny Tagil'de
w Naro-Fominsku,ў Нара-Фамінску,у Наро-Фомінську,в Наро-Фоминске,в Наро-Фоминск,v Naro-Fominsku,v Naro-Fominsku,in Naro-Fominsk,Naro-Fominsk'te
w Tambowie,ў Тамбове,у Тамбові,в Тамбове,в Тамбов,v Tambovu,v Tambově,in Tambov,Tambov'da
w Starym Oskolu,ў Старым Асколе,у Старому Осколі,в Старом Осколе,в Стари Оскол,v Starem Oskolu,ve Starém Oskolu,in Stary Oskol,Stary Oskol'da
w Biełorecku,ў Беларэцку,у Білорецьку,в Белорецке,в Белорецк,v Belorecku,v Beloretsku,in Beloretsk,Beloretsk'te
w Siewierodwińsku,ў Северадзвінску,у Сєвєродвінську,в Северодвинске,в Северодвинск,v Severodvinsku,v Severodvinsku,in Severodvinsk,Severodvinsk'te
w Wielkim Nowogrodzie,у Вялікім Ноўгарадзе,у Великому Новгороді,в Великом Новгороде,във Велики Новгород,v Velikem Novgorodu,ve Velkém Novgorodu,in Veliky Novgorod,Veliky Novgorod'da
w Orenburgu,у Арэнбургу,в Оренбурзі,в Оренбурге,в Оренбург,v Orenburgu,v Orenburgu,in Orenburg,Orenburg'da
w Kiriszu,ў Кірышах,у Кірішах,в Киришах,в Кириши,v Kirišiju,v Kirishi,in Kirishi,Kirishi'de
w Kańsku,ў Канску,у Канську,в Канске,в Канск,v Kansku,v Kansku,in Kansk,Kansk'ta
w Czerepowcu,ў Чарапаўцы,у Череповці,в Череповце,в Череповец,v Čerepovcu,v Čerepovci,in Cherepovets,Cherepovets'te
w Pawłowskim Posadzie,ў Паўлаўскім Пасадзе,у Павлівському Посаді,в Павловском Посаде,в Павловски Посад,v Pavlovskem Posadu,v Pavlovském Posadu,in Pavlovsky Posad,Pavlovsky Posad'da
w Urus-Martan,ва Урус-Мартане,в Урус-Мартані,в Урус-Мартане,в Урус-Мартан,v Urus-Martanu,v Urus-Martan,in Urus-Martan,Urus-Martan'da
w Budennowsku,ў Будзёнаўску,у Будьоннівську,в Буденновске,в Буденовск,v Budennovsku,v Budennovsku,in Budennovsk,Budennovsk'ta
we Kstowie,ў Кстова,у Кстово,в Кстово,в Кстово,v Kstovu,v Kstově,in Kstovo,Kstovo'da
w Kyzylu,ў Кызыле,у Кизили,в Кызыле,в Кизил,v Kyzylu,v Kyzylu,in Kyzyl,Kızıl'da
w Uchtai,у Ухце,в Ухті,в Ухте,в Ухта,v Ukhti,v Ukhtě,in Ukhta,Ukhta'da
w Saratowie,ў Саратаве,у Саратові,в Саратове,в Саратов,v Saratovu,v Saratově,in Saratov,Saratov'da
w Domodiedowie,ў Дамадзедаве,у Домодєдово,в Домодедово,в Домодедово,v Domodedovu,v Domodědově,in Domodedovo,Domodedovo'da
w Sosnowym Borze,ў Сасновым Бары,у Сосновому Бору,в Сосновом Бору,в Соснови Бор,v Sosnovym Boru,v Sosnově Boru,in Sosnovy Bor,Sosnovy Bor'da
w Groznym,ў Грозным,у Грозному,в Грозном,в Грозни,v Groznem,v Grozném,in Grozny,Grozni'de
w Łyświe,ў Лысьве,у Лисві,в Лысьве,в Лисва,v Lysvi,v Lysvě,in Lysva,Lysva'da
w Belebeju,ў Белебеі,у Белебеї,в Белебее,в Белебей,v Belebeju,v Belebey,in Belebey,Belebey'de
w Tichwinie,ў Ціхвіне,у Тихвіні,в Тихвине,в Тихвин,v Tikhvinu,v Tikhvinu,in Tikhvin,Tikhvin'de
w Pawłowie,ў Паўлава,в Павлове,в Павлово,в Павлово,v Pavlovem,v Pavlovu,in Pavlovo,Pavlovo'da
w Nowokujbyszewsku,ў Навакуйбышэўску,у Новокуйбишевську,в Новокуйбышевске,в Новокуйбишевск,v Novokuibyshevsku,v Novokujbyševsku,in Novokuibyshevsk,Novokuibyshevsk'te
we Pskowie,ў Пскове,у Пскові,в Пскове,в Псков,v Pskovu,v Pskově,in Pskov,Pskov'da
w Usole Syberyjskim,ва Усолле-Сібірскім,в Усоллі-Сибірському,в Усолье-Сибирском,в Усолие-Сибирски,v mestu Usolye-Sibirsky,v Usolye-Sibirsky,in Usolye-Sibirsky,Usolye-Sibirsky'de
w Lipiecku,ў Ліпецку,у Липецьку,в Липецке,в Липецк,v Lipetsku,v Lipetsku,in Lipetsk,Lipetsk'te
w Kopejsku,ў Капейску,у Копійську,в Копейске,в Копейск,v Kopeysku,v Kopejsku,in Kopeysk,Kopeysk'te
w Dzierżyńsku,ў Дзяржынску,у Дзержинську,в Дзержинске,в Дзержинск,v Dzeržinsku,v Dzeržinsku,in Dzerzhinsk,Dzerzhinsk'te
w Timaszevsku,ў Цімашэўску,у Тімашевську,в Тимашевске,в Тимашевск,v Timashevsku,v Timaševsku,in Timashevsk,Timashevsk'te
w Kisłowodzku,ў Кіславодску,у Кисловодську,в Кисловодске,в Кисловодск,v Kislovodsku,v Kislovodsku,in Kislovodsk,Kislovodsk'ta
w Niewinnomyssku,ў Нявіннамыску,у Невинномиську,в Невинномысске,в Невиномисск,v Nevinnomyssku,v Nevinnomyssku,in Nevinnomyssk,Nevinnomıssk'ta
w Kotlasie,ў Котласе,у Котласі,в Котласе,в Котлас,v Kotlasu,v Kotlasu,in Kotlas,Kotlas'ta
w Bracku,ў Брацку,у Братську,в Братске,в Братск,v Bratsku,v Bratsku,in Bratsk,Bratsk'ta
w Bałakowie,ў Балакова,в Балаково,в Балаково,в Балаково,v Balakovem,v Balakovu,in Balakovo,Balakovo'da
we Twerze,ў Цверы,у Твері,в Твери,в Твер,v Tverju,v Tveru,in Tver,Tver'de
w Syzraniu,ў Сызрані,у Сизрані,в Сызрани,в Сизран,v Syzranu,v Syzrani,in Syzran,Syzran'da
w Birobidżanie,ў Бірабіджане,у Біробіджані,в Биробиджане,в Биробиджан,v Birobidžanu,v Birobidžanu,in Birobidzhan,Birobidzhan'da
w Iżewsku,у Іжэўску,в Іжевську,в Ижевске,в Ижевск,v Iževsku,v Iževsku,in Izhevsk,Izhevsk'ta
w Kursku,ў Курску,у Курську,в Курске,в Курск,v Kursku,v Kursku,in Kursk,Kursk'ta
w Lesosibirsku,ў Лесасібірску,у Лісосибірську,в Лесосибирске,в Лесосибирск,v Lesosibirsku,v Lesosibirsku,in Lesosibirsk,Lesosibirsk'te
w Murino,ў Мурына,у Муріному,в Мурино,в Мурино,v Murinu,v Murinu,in Murino,Murino'da
w Polewskim,ў Палеўскім,у Полівському,в Полевском,в Полевской,v Polevskoyju,v Polevskoy,in Polevskoy,Polevskoy'da
w Lenińsku Kuźnieckim,ў Ленінску-Кузнецкім,у Ленінську-Кузнецькому,в Ленинске-Кузнецком,в Ленинск-Кузнецки,v Leninsk-Kuznetsky,v Leninsk-Kuzněckij,in Leninsk-Kuznetsky,Leninsk-Kuznetsky'de
w Jessentukach,у Есентуках,у Єсентуках,в Ессентуках,в Есентуки,v Essentukiju,v Essentuki,in Essentuki,Essentuki'de
w Pietrozawodsku,ў Петразаводску,у Петрозаводську,в Петрозаводске,в Петрозаводск,v Petrozavodsku,v Petrozavodsku,in Petrozavodsk,Petrozavodsk'ta
w Niagani,ў Нягані,у Нягані,в Нягани,в Няган,v Nyaganu,v Nyaganu,in Nyagan,Nyagan'da
w Widnym,ў Бачным,у Видно,в Видном,във Видное,v Vidnem,ve Vidnoe,in Vidnoe,Vidnoye'de
w Murmańsku,ў Мурманску,у Мурманську,в Мурманске,в Мурманск,v Murmansku,v Murmansku,in Murmansk,Murmansk'ta
w Prokopiewsku,ў Пракоп'еўску,у Прокоп'євську,в Прокопьевске,в Прокопьевск,v Prokopjevsku,v Prokopjevsku,in Prokopyevsk,Prokopyevsk'te
w Krasnojarsku,ў Краснаярску,у Красноярську,в Красноярске,в Красноярск,v Krasnojarsku,v Krasnojarsku,in Krasnoyarsk,Krasnoyarsk'ta
we Dmitrowie,ў Дзмітраве,у Дмитрові,в Дмитрове,в Дмитров,v Dmitrovu,v Dmitrově,in Dmitrov,Dmitrov'da
w Szachtach,ў Шахтах,у Шахтах,в Шахтах,в мини,v rudnikih,v dolech,in Mines,madenlerde
w Solikamsku,ў Салікамску,у Солікамську,в Соликамске,в Соликамск,v Solikamsku,v Solikamsku,in Solikamsk,Solikamsk'ta
w Bataysku,ў Батайску,у Батайську,в Батайске,в Батайск,v Bataysku,v Bataysku,in Bataysk,Bataysk'ta
w Aleksandrii,у Александрыі,в Олександрії,в Александрии,в Александрия,v Aleksandriji,v Alexandrii,in Alexandria,İskenderiye'de
w Ałczewsku,у Алчевске,в Алчевську,в Алчевске,в Алчевск,v Alčevsku,v Alčevsku,in Alchevsk,Alchevsk'te
w Białej Cerkwi,ў Белай Царкве,у Білій Церкві,в Белой Церкви,в Бела Церков,v Belaya Cerkov,v Belaya Cerkov,in Belaya Tserkov,Belaya Tserkov'da
w Berdiańsku,ў Бердзянску,у Бердянську,в Бердянске,в Бердянск,v Berdjansku,v Berdjansku,in Berdyansk,Berdyansk'ta
w Browarach,ў Броварах,у Броварах,в Броварах,в Бровари,v Brovaryh,v Brovary,in Brovary,Brovary'de
w Winnicy,у Вінніцы,у Вінниці,в Виннице,във Виница,v Vinnitsa,ve Vinnitsa,in Vinnitsa,Vinnitsa'da
w Gorłowce,ў Горлаўцы,у Горлівці,в Горловке,в Горловка,v Gorlovki,v Gorlovce,in Gorlovka,Gorlovka'da
w Dnieprze,ў Дняпры,у Дніпрі,в Днепре,в Днепър,v Dnipru,v Dněpru,in Dnipro,Dnipro'da
w Doniecku,ў Данецку,в Донецьку,в Донецке,В Донеск,V Donesku,V Doněsku,In Donesk,Donesk'te
w Eupatorii,у Еўпаторыі,в Євпаторії,в Евпатории,в Евпатория,v Evpatoriji,v Evpatoria,in Evpatoria,Evpatoria'da
w Jenakijewem,у Енакіева,в Єнакієвому,в Енакиево,в Енакиево,v Enakievu,v Enakievo,in Enakievo,Enakievo'da
w Żytomierzu,ў Жытоміры,у Житомирі,в Житомире,в Житомир,v Žitomirju,v Žitomiru,in Zhitomir,Zhitomir'de
w Zaporożu,ў Запарожжы,в Запоріжжі,в Запорожье,в Запорожие,v Zaporožju,v Záporoží,in Zaporozhye,Zaporozhye'de
w Iwano-Frankiwsku,у Івана-Франкоўску,в Івано-Франківську,в Ивано-Франковске,в Ивано-Франковск,v Ivano-Frankivsku,v Ivano-Frankivsku,in Ivano-Frankivsk,Ivano-Frankivsk'te
w Kamieńcu Podolskim,ў Камянцы-Падольскім,у Кам'янці-Подільському,в Каменце-Подольском,в Каменец-Подолск,v Kamenetz-Podolsku,v Kamenetz-Podolsku,in Kamenetz-Podolsk,Kamenetz-Podolsk'ta
w Kamieńskim,ў Каменскім,у Кам'янському,в Каменском,в Каменское,v mestu Kamenskoye,v Kamenskoje,in Kamenskoye,Kamenskoe'da
w Kerczu,ў Керчы,у Керчі,в Керчи,в Керч,v Kerču,v Kerči,in Kerch,Kerç'te
w Kijowie,ў Кіеву,в Києві,в Киеве,в Киев,v Kijevu,v Kyjevě,in Kyiv,Kiev'de
w Konstantinowce,ў Канстанцінаўцы,у Костянтинівці,в Константиновке,в Константиновка,v Konstantinovki,v Konstantinovce,in Konstantinovka,Konstantinovka'da
w Kramatorsku,ў Краматорску,у Краматорську,в Краматорске,в Краматорск,v Kramatorsku,v Kramatorsku,in Kramatorsk,Kramatorsk'ta
w Krzemieńczuku,ў Крамянчугу,у Кременчуці,в Кременчуге,в Кременчуг,v Kremenčugu,v Kremenčugu,in Kremenchug,Kremençug'da
w Krzywym Rogu,ў Крывым Рогу,у Кривому Розі,в Кривом Роге,в Кривой Рог,v Krivoj Rogu,v Krivoj Rog,in Krivoy Rog,Krivoy Rog'da
w Kropywnyckim,ў Крапіўніцкім,у Кропивницькому,в Кропивницком,в Кропивницки,v Kropivnytskyi,v Kropyvnickém,in Kropyvnytskyi,Kropyvnitsky'de
w Lisiczańsku,ў Лісічанск,у Лисичанську,в Лисичанске,в Лисичанск,v Lisičansku,v Lisičansku,in Lisichansk,Lisichansk'ta
w Ługańsku,ў Луганску,в Луганську,в Луганске,в Луганск,v Lugansku,v Lugansku,in Lugansk,Lugansk'ta
w Łucku,ў Луцку,у Луцьку,в Луцке,в Луцк,v Lutsku,v Lucku,in Lutsk,Lutsk'ta
we Lwowie,ў Львове,у Львові,во Львове,в Лвов,v Lvivu,ve Lvově,in Lviv,Lviv'de
w Makiejewce,ў Макееўцы,у Макіївці,в Макеевке,в Макеевка,v Makeevki,v Makeevce,in Makeevka,Makeevka'da
w Mariupolu,ў Марыупалі,у Маріуполі,в Мариуполе,в Мариупол,v Mariupolu,v Mariupolu,in Mariupol,Mariupol'da
w Melitopolu,ў Мелітопалі,у Мелітополі,в Мелитополе,в Мелитопол,v Melitopolu,v Melitopolu,in Melitopol,Melitopol'da
w Mikołajowie,ў Мікалаеве,у Миколаєві,в Николаеве,в Николаев,v Nikolajevu,v Nikolajevu,in Nikolaev,Nikolaev'de
w Nikopolu,ў Нікаполі,у Нікополі,в Никополе,в Никопол,v Nikopolu,v Nikopoli,in Nikopol,Nikopol'da
w Odessie,у Адэсе,в Одесі,в Одессе,в Одеса,v Odesi,v Oděse,in Odessa,Odessa'da
w Pawłohradzie,ў Паўлаградзе,у Павлограді,в Павлограде,в Павлоград,v Pavlogradu,v Pavlogradu,in Pavlograd,Pavlograd'da
w Połtawie,ў Палтаве,у Полтаві,в Полтаве,в Полтава,v Poltavi,v Poltavě,in Poltava,Poltava'da
w Równem,ў Роўна,у Рівному,в Ровно,в Ровно,v Rivneh,v Rovném,in Rivne,Rivne'de
w Sewastopolu,ў Севастопалі,у Севастополі,в Севастополе,в Севастопол,v Sevastopolu,v Sevastopolu,in the Sevastopol,Sivastopol'da
w Siewierodoniecku,ў Севераданецку,у Сєвєродонецьку,в Северодонецке,в Северодонецк,v Severodonetsku,v Severodoněcku,in Severodonetsk,Severodonetsk'te
w Symferopolu,ў Сімферопалі,в Сімферополі,в Симферополе,в Симферопол,v Simferopolu,v Simferopolu,in Simferopol,Simferopol'de
w Słowiańsku,ў Славянску,у Слов'янську,в Славянске,в Славянск,v Slavjansku,ve Slavjansku,in Slavyansk,Slavyansk'ta
w Stachanowie,ў Стаханаве,у Стаханові,в Стаханове,в Стаханов,v Stahanovu,ve Stachanově,in Stakhanov,Stakhanov'da
w Sumach,ў Сумах,у Сумах,в Сумах,в Суми,v Sumyju,v Sumy,in Sumy,Sumy'de
w Tarnopolu,ў Цярнопалі,у Тернополі,в Тернополе,в Тернопол,v Ternopilu,v Ternopilu,in Ternopil,Ternopil'de
w Użgorodzie,ва Ужгарадзе,в Ужгороді,в Ужгороде,в Ужгород,v Užgorodu,v Užhorodě,in Uzhgorod,Uzhhorod'da
w Charkowie,ў Харкаве,в Харкові,в Харькове,в Харков,v Harkovu,v Charkově,in Kharkov,Kharkov'da
w Chersoniu,ў Херсоне,у Херсоні,в Херсоне,в Херсон,v Khersonu,v Chersonu,in Kherson,Herson'da
w Chmielnickim,ў Хмяльніцкім,у Хмельницькому,в Хмельницком,в Хмелницки,v Hmelnitskem,v Chmelnickém,in Khmelnitsky,Khmelnitsky'de
w Czerkasach,ў Чаркасах,у Черкасах,в Черкассах,в Черкаси,v Čerkasih,v Čerkasích,in Cherkasy,Çerkes'te
w Czernihowie,ў Чарнігаве,у Чернігові,в Чернигове,в Чернигов,v Černihovu,v Chernihiv,in Chernihiv,Chernihiv'de
w Czerniowcach,ў Чарнаўцах,у Чернівцях,в Черновцах,в Черновци,v Černivcih,v Černovicích,in Chernivtsi,Çernivtsi'de
w Warszawie,у Варшаве,у Варшаві,в Варшаве,във Варшава,v Varšavi,ve Varšavě,in Warsaw,Varşova'da
w Kaliszu,ў Калішы,у Каліші,в Калише,в Калиш,v Kaliszu,v Kalisz,in Kalisz,Kalisz'de
w Koszalinie,ў Кашаліне,у Кошаліні,в Кошалине,в Кошалин,v Koszalinu,v Koszalinu,in Koszalin,Koszalin'de
w Tarnowie,ў Тарнуве,у Тарнуві,в Тарнуве,в Тарнов,v Tarnowu,v Tarnow,in Tarnow,Tarnow'da
w Chorzowie,ў Хожуве,у Хожуві,в Хожуве,в Хожов,v Chorzowu,v Chorzowě,in Chorzow,Chorzow'da
we Włocławku,ва Улацлаўку,у Влоцлавеку,во Влоцлавеке,във Влоцлавек,v Wloclawku,ve Wloclawku,in Wloclawek,Wloclawek'te
w Wałbrzychu,у Валбжыху,у Валбжиху,в Валбжихе,във Валбжих,v Walbrzychu,ve Walbrzychu,in Walbrzych,Walbrzych'de
w Płocku,ў Плоцку,у Плоцьку,в Плоцке,в Плоцк,v Plocku,v Plocku,in Plock,Plock'ta
w Opolu,у Аполе,в Ополе,в Ополе,в Ополе,v Opoleju,v Opole,in Opole,Opole'de
w Olsztynie,у Ольштыне,в Ольштині,в Ольштыне,в Олщин,v Olsztynu,v Olsztyně,in Olsztyn,Olsztyn'de
w Toruniu,ў Торуні,у Торуні,в Торуни,в Торун,v Torunu,v Toruni,in Torun,Torun'da
w Sosnowcu,ў Сасноўцы,у Сосновці,в Сосновце,в Сосновец,v Sosnowiecu,v Sosnowci,in Sosnowiec,Sosnowiec'te
w Częstochowie,ў Чэнстахове,у Ченстохові,в Ченстохове,в Ченстохова,v Czestochowi,v Čenstochové,in Czestochowa,Czestochowa'da
w Gdyni,ў Гдыні,у Гдині,в Гдыне,в Гдиня,v Gdyniji,v Gdyni,in Gdynia,Gdynia'da
w Białymstoku,ў Беластоку,у Білостоці,в Белостоке,в Бялисток,v Bialystoku,v Bialystoku,in Bialystok,Bialystok'ta
w Katowicach,ў Катавіцы,в Катовіце,в Катовице,в Катовице,v Katowicah,v Katovicích,in Katowice,Katoviçe'de
w Lublinie,ў Любліне,у Любліні,в Люблине,в Люблин,v Lublinu,v Lublinu,in Lublin,Lublin'de
w Bydgoszczy,ў Быдгашчы,у Бидгощі,в Быдгощи,в Бидгошч,v Bydgoszczu,v Bydhošti,in Bydgoszcz,Bydgoszcz'da
w Szczecinie,ў Шчэціне,у Щецині,в Щецине,в Шчечин,v Szczecinu,ve Štětíně,in Szczecin,Szczecin'de
w Gdańsku,ў Гданьску,у Гданську,в Гданьске,в Гданск,v Gdansku,v Gdaňsku,in Gdansk,Gdansk'ta
w Poznaniu,ў Познані,у Познані,в Познани,в Познан,v Poznanu,v Poznani,in Poznań,Poznań'da
we Wrocławiu,ва Уроцлаве,у Вроцлаві,во Вроцлаве,във Вроцлав,v Wroclawu,ve Vratislavi,in Wroclaw,Wroclaw'da
w Łodzi,ў Лодзі,у Лодзі,в Лодзи,в Лодз,v Lodzu,v Lodži,in Lodz,Lodz'da
w Krakowie,ў Кракаве,у Кракові,в Кракове,в Краков,v Krakovu,v Krakově,in Krakow,Krakov'da
w Mińsku,у Мінску,в Мінську,в Минске,В Минск,V Minsku,V Minsku,In Minsk,Minsk'te
w Homelu,у Гомелі,у Гомелі,в Гомеле,в Гомел,v Gomel,v Gomelu,in Gomel,Gomel'de
w Witebsku,у Віцебску,у Вітебську,в Витебске,във Витебск,v Vitebsku,ve Vitebsku,in Vitebsk,Vitebsk'te
w Mohylewie,у Магілёве,у Могильові,в Могилеве,в Могилев,v Mogilevu,v Mogilevu,in Mogilev,Mogilev'de
w Grodnie,у Гродне,у Гродно,в Гродно,в Гродно,v Grodnem,v Grodně,in Grodno,Grodno'da
w Brześciu,у Брэсце,у Бресті,в Бресте,в Брест,v Brestu,v Brestu,in Brest,Brest'te
w Bobrujsku,у Бабруйску,у Бобруйску,в Бобруйске,в Бобруйск,v Bobrujsku,v Bobruisku,in Bobruisk,Bobruisk'te
w Baranowiczach,у Баранавічах,у Барановичах,в Барановичах,в Барановичи,v Baranovičih,v Baranovichi,in Baranovichi,Baranovichi'de
w Borysowie,у Барысаве,у Борисові,в Борисове,в Борисов,v Borisovu,v Borisově,in Borisov,Borisov'da
w Pińsku,у Пінску,у Пінську,в Пинске,в Пинск,v Pinsku,v Pinsku,in Pinsk,Pinsk'te
w Orszaju,у Оршы,в Орші,в Орше,в Орша,v Orši,v Orsha,in Orsha,Orsha'da
w Mozyrze,у Мазыры,у Мозирі,в Мозыре,в Мозир,v Mozirju,v Mozyru,in Mozyr,Mozyr'de
w Lidzie,у Лідзе,у Ліді,в Лиде,в Лида,v Lidi,v Lídě,in Lida,Lida'da
w Soligorsku,у Салігорску,у Солігорську,в Солигорске,в Солигорск,v Soligorsku,v Soligorsku,in Soligorsk,Soligorsk'ta
w Nowopołocku,у Наваполацку,у Новополоцьку,в Новополоцке,в Новополоцк,v Novopolotsku,v Novopolotsku,in Novopolotsk,Novopolotsk'ta
