ru,en,pl,be,uk,bg,cs,ca,es,tr,sl
Аякс ,AFC Ajax,AFC Ajax,ФК Аякс Амстэрдам,Аякс ,АФК Аякс,AFC Ajax,Amsterdamsche Football Club Ajax,Ajax de Ámsterdam,AFC Ajax,AFC Ajax
Железная гвардия,Iron Guard,Żelazna Gwardia,Жалезная гвардыя,Залізна Гвардія,Желязна гвардия,Železná garda,Guàrdia de Ferro,Guardia de Hierro ,Demir Muhafızlar,Železna garda
Alfa Romeo,Alfa Romeo,Alfa Romeo,Alfa Romeo,Alfa Romeo,Алфа Ромео,Alfa Romeo,Alfa Romeo,Alfa Romeo,Alfa Romeo,Alfa Romeo
Коминформ,Cominform,Kominform,Камуністычнае інфармацыйнае бюро,Комінформ,Коминформбюро,Kominforma,Kominform,Kominform,Kominform,Informbiro
Атланта Хокс,Atlanta Hawks,Atlanta Hawks,Атланта Хокс,Атланта Гокс,Атланта Хоукс,Atlanta Hawks,Atlanta Hawks,Atlanta Hawks,Atlanta Hawks,Atlanta Hawks
Жальгирис ,FK Žalgiris,FK Žalgiris Wilno,ФК Жальгірыс Вільнюс,Жальгіріс ,ФК Жалгирис,FK Žalgiris,FK Žalgiris,FC Žalgiris,FK Žalgiris,FK Žalgiris
Национальная парламентская библиотека ,National Diet Library,Narodowa Biblioteka Parlamentarna Japonii,Нацыянальная парламенцкая бібліятэка Японіі,Національна парламентська бібліотека Японії,Национална парламентарна библиотека ,Národní parlamentní knihovna Japonska,Biblioteca Nacional de la Dieta del Japó,Biblioteca Nacional de la Dieta,Millî Diyet Kütüphanesi,Japonska nacionalna knjižnica
Ягеллония,Jagiellonia Białystok,Jagiellonia Białystok,ФК Ягелонія Беласток,Ягеллонія ,ФК Ягельоня,Jagiellonia Białystok,Jagiellonia Białystok SSA,Jagiellonia Białystok,Jagiellonia Białystok,Jagiellonia Białystok
Австрийская партия свободы,Freedom Party of Austria,Wolnościowa Partia Austrii,Аўстрыйская партыя свабоды,Австрійська партія свободи,Партия на свободата на Австрия,Svobodná strana Rakouska,Partit de la Llibertat d'Àustria,Partido de la Libertad de Austria,Avusturya Özgürlük Partisi,Avstrijska svobodnjaška stranka
Grameen Bank,Grameen Bank,Grameen Bank,Grameen Bank,Грамін Банк,Грамин Банк,Grameen Bank,Grameen Bank,Banco Grameen,Grameen Bank,Grameen Bank
Kia Motors,Kia,Kia Corporation,Kia Motors,Kia Motors,KIA,Kia,Kia Motors,Kia Motors,Kia,Kia Motors
Художественный музей Сан-Паулу,São Paulo Museum of Art,Museu de Arte de São Paulo,Мастацкі музей Сан-Паўлу,Музей мистецтва Сан-Паулу,Художествен музей ,Muzeum umění v São Paulu,Museu d'Art de São Paulo,Museo de Arte de São Paulo,São Paulo Sanat Müzesi,Museu de Arte de São Paulo
Атлетико Мадрид,Atlético Madrid,Atlético Madryt,ФК Атлетыка Мадрыд,Атлетіко ,ФК Атлетико ,Atlético Madrid,Atlètic de Madrid,Club Atlético de Madrid,Atlético Madrid,Atlético Madrid
Metro-Goldwyn-Mayer,Metro-Goldwyn-Mayer,Metro-Goldwyn-Mayer,Metro-Goldwyn-Mayer,Metro-Goldwyn-Mayer,Метро-Голдуин-Майер,Metro-Goldwyn-Mayer,Metro-Goldwyn-Mayer,Metro-Goldwyn-Mayer,Metro-Goldwyn-Mayer,Metro-Goldwyn-Mayer
ПСВ ,PSV Eindhoven,PSV Eindhoven,ФК ПСВ Эйндхавен,ПСВ,ПСВ Айндховен,PSV Eindhoven,PSV Eindhoven,PSV Eindhoven,PSV,PSV Eindhoven
Международная организация труда,International Labour Organization,Międzynarodowa Organizacja Pracy,Міжнародная арганізацыя працы,Міжнародна організація праці,Международна организация на труда,Mezinárodní organizace práce,Organització Internacional del Treball,Organización Internacional del Trabajo,Uluslararası Çalışma Örgütü,Mednarodna organizacija dela
Гоминьдан,Kuomintang,Kuomintang,Гаміньдан,Гоміндан,Гоминдан,Kuomintang,Guomindang,Kuomintang,Kuomintang,Kuomintang
Брондбю ,Brøndby IF,Brøndby IF,ФК Брондбю,Брондбю ,Брьондби ИФ,Brøndby IF,Brøndbyernes Idrætsforening,Brøndby IF,Brøndby IF,Brøndby IF
BMW,BMW,BMW,BMW,BMW,БМВ,BMW,BMW,BMW,BMW,BMW
Слован ,ŠK Slovan Bratislava,Slovan Bratysława ,ФК Слован Браціслава,Слован ,ФК Слован ,ŠK Slovan Bratislava,ŠK Slovan Bratislava,Š. K. Slovan Bratislava,ŠK Slovan Bratislava,ŠK Slovan Bratislava
Шлёнск ,Śląsk Wrocław,Śląsk Wrocław ,ФК Шлёнск Уроцлаў,Шльонськ ,ФК Шльонск,Śląsk Wrocław,WKS Śląsk Wrocław,Śląsk Wrocław,WKS Śląsk Wrocław,Śląsk Wrocław
Европейский вещательный союз,European Broadcasting Union,Europejska Unia Nadawców,Еўрапейскі вяшчальны саюз,Європейська спілка радіомовлення і телебачення,Европейски съюз за радио и телевизия,Evropská vysílací unie,Unió Europea de Radiodifusió,Unión Europea de Radiodifusión,Avrupa Yayın Birliği,Evropska radiodifuzna zveza
Volkswagen,Volkswagen,Volkswagen,Volkswagen,Volkswagen,Фолксваген,Volkswagen,Volkswagen,Volkswagen,Volkswagen,Volkswagen
Гурник ,Górnik Zabrze,Górnik Zabrze,ФК Гурнік Забжэ,Гурнік ,ФК Гурник,Górnik Zabrze,KS Górnik Zabrze,Górnik Zabrze,Górnik Zabrze,Górnik Zabrze
Коло-Коло,Colo-Colo,CSD Colo-Colo,ФК Кола-Кола,Коло-Коло,Коло-Коло,Colo-Colo,Club Social y Deportivo Colo-Colo,Club Social y Deportivo Colo-Colo,CSD Colo-Colo,Colo-Colo
Паланга ,FK Palanga,FK Palanga,ФК Паланга,Паланга ,ФК Паланга,FK Palanga,FK Palanga,FK Palanga,FK Palanga,FK Palanga
УЕФА,UEFA,UEFA,УЕФА,УЄФА,УЕФА,UEFA,Unió d'Associacions Europees de Futbol,UEFA,UEFA,Združenje evropskih nogometnih zvez
Межправительственная группа экспертов по изменению климата,Intergovernmental Panel on Climate Change,Międzyrządowy Zespół ds. Zmian Klimatu,Міжурадавая група экспертаў па змяненні клімату,Міжурядова група експертів з питань змін клімату,Междуправителствен панел за климатични промени,Mezivládní panel pro změnu klimatu,Grup Intergovernamental sobre el Canvi Climàtic,Grupo Intergubernamental de Expertos sobre el Cambio Climático,Hükûmetlerarası İklim Değişikliği Paneli,Medvladni forum za podnebne spremembe
Црвена звезда ,Red Star Belgrade,FK Crvena zvezda,ФК Црвена Звезда,Црвена Звезда ,ФК Цървена звезда,FK Crvena zvezda,FK Estrella Roja de Belgrad,Estrella Roja de Belgrado,FK Crvena zvezda,Crvena zvezda
WarnerMedia,WarnerMedia,WarnerMedia,WarnerMedia,WarnerMedia,Уорнърмедия,WarnerMedia,WarnerMedia,WarnerMedia,WarnerMedia,Time Warner
Совет Европы,Council of Europe,Rada Europy,Савет Еўропы,Рада Європи,Съвет на Европа,Rada Evropy,Consell d'Europa,Consejo de Europa,Avrupa Konseyi,Svet Evrope
Hitachi,Hitachi,Hitachi ,Hitachi,Hitachi,Хитачи,Hitachi,Hitachi,Hitachi,Hitachi,Hitachi
Зенит ,FC Zenit Saint Petersburg,Zenit Petersburg,ФК Зеніт Санкт-Пецярбург,Зеніт ,ФК Зенит,FK Zenit Sankt-Petěrburg,FK Zenit Sant Petersburg,Zenit de San Petersburgo,FK Zenit,Zenit 
Лидс Юнайтед,Leeds United F.C.,Leeds United F.C.,ФК Лідс Юнайтэд,Лідс Юнайтед,ФК Лийдс Юнайтед,Leeds United FC,Leeds United Football Club,Leeds United Football Club,Leeds United FC,Leeds United F.C.
Бавария ,FC Bayern Munich,Bayern Monachium,ФК Баварыя Мюнхен,Баварія ,ФК Байерн ,FC Bayern Mnichov,FC Bayern de Munic,Bayern de Múnich,FC Bayern München,FC Bayern München
СС,Schutzstaffel,Schutzstaffel,СС,СС,СС,Schutzstaffel,Schutzstaffel,Schutzstaffel,Schutzstaffel,Schutzstaffel
Пагуошское движение учёных,Pugwash Conferences on Science and World Affairs,Konferencja Pugwash w Sprawie Nauki i Problemów Światowych,Пагуошскі рух навукоўцаў,Пагвоський рух учених,Пъгуошки конференции за наука и световни проблеми,Pugwashské konference o vědě a světových záležitostech,Conferències Pugwash de Ciència i Afers Mundials,Conferencia Pugwash,Bilim ve Dünya İlişkileri üzerine Pugwash Konferansı,Pugwash Conferences on Science and World Affairs
Европейская народная партия ,European People's Party Group,Europejska Partia Ludowa ,Еўрапейская народная партыя ,Європейська народна партія ,Европейска народна партия ,Evropská lidová strana ,Grup del Partit Popular Europeu,Grupo del Partido Popular Europeo,Avrupa Halk Partisi ,Skupina Evropske ljudske stranke
Национальная фашистская партия,National Fascist Party,Narodowa Partia Faszystowska,Нацыянальная фашысцкая партыя,Національна фашистська партія,Национална фашистка партия,Národní fašistická strana,Partit Nacional Feixista,Partido Nacional Fascista,Ulusal Faşist Parti,Nacionalna fašistična stranka
Emirates ,Emirates ,Emirates,Emirates Airline,Emirates,Емирейтс ,Emirates,Emirates,Emirates,Emirates,Emirates 
Европейская народная партия,European People's Party,Europejska Partia Ludowa,Еўрапейская народная партыя,Європейська народна партія,Европейска народна партия,Evropská lidová strana,Partit Popular Europeu,Partido Popular Europeo,Avrupa Halk Partisi,Evropska ljudska stranka
AOL,AOL,AOL,AOL,AOL,AOL,AOL,AOL,AOL,AOL,AOL
Врачи без границ,Médecins Sans Frontières,Lekarze bez Granic,Урачы без межаў,Лікарі без кордонів,Лекари без граници,Lékaři bez hranic,Metges Sense Fronteres,Médicos Sin Fronteras,Sınır Tanımayan Doktorlar,Zdravniki brez meja
Hyundai Motor,Hyundai Motor Company,Hyundai Motor Company,Hyundai Motor Company,Hyundai Motor Company,Хюндай Мотор Компани,Hyundai,Hyundai Motor Company,Hyundai Motor Company,Hyundai Motor Company,Hyundai Motor Company
Фиорентина,ACF Fiorentina,ACF Fiorentina,ФК Фіярэнціна,Фіорентіна,АКФ Фиорентина,ACF Fiorentina,ACF Fiorentina,ACF Fiorentina,ACF Fiorentina,ACF Fiorentina
Всемирная продовольственная программа,World Food Programme,Światowy Program Żywnościowy,Сусветная харчовая праграма,Всесвітня продовольча програма,Световна програма по прехраната,Světový potravinový program,Programa Mundial d'Aliments,Programa Mundial de Alimentos,Dünya Gıda Programı,Svetovni program za hrano
Коритиба,Coritiba Foot Ball Club,Coritiba FBC,ФК Карытыба,Корітіба ,ФК Коритиба,Coritiba Foot Ball Club,Coritiba Foot Ball Club,Coritiba Foot Ball Club,Coritiba FC,Coritiba Foot Ball Club
Коринтианс,Sport Club Corinthians Paulista,SC Corinthians Paulista,ФК Карынтыянс,Корінтіанс,Спорт Клуб Коринтианс Паулища,SC Corinthians Paulista,Sport Club Corinthians Paulista,Sport Club Corinthians Paulista,SC Corinthians Paulista,Sport Club Corinthians Paulista
Advanced Micro Devices,Advanced Micro Devices,Advanced Micro Devices,AMD,Advanced Micro Devices,AMD,Advanced Micro Devices,AMD,Advanced Micro Devices,Advanced Micro Devices,Advanced Micro Devices
Международный союз теоретической и прикладной химии,International Union of Pure and Applied Chemistry,Międzynarodowa Unia Chemii Czystej i Stosowanej,Міжнародны саюз тэарэтычнай і прыкладной хіміі,IUPAC,Международен съюз за чиста и приложна химия,Mezinárodní unie pro čistou a užitou chemii,Unió Internacional de Química Pura i Aplicada,Unión Internacional de Química Pura y Aplicada,Uluslararası Temel ve Uygulamalı Kimya Birliği,Mednarodna zveza za čisto in uporabno kemijo
Всемирная организация здравоохранения,World Health Organization,Światowa Organizacja Zdrowia,Сусветная арганізацыя аховы здароўя,Всесвітня організація охорони здоров'я,Световна здравна организация,Světová zdravotnická organizace,Organització Mundial de la Salut,Organización Mundial de la Salud,Dünya Sağlık Örgütü,Svetovna zdravstvena organizacija
Международная автомобильная федерация,Fédération Internationale de l'Automobile,Fédération Internationale de l’Automobile,Міжнародная аўтамабільная федэрацыя,Міжнародна автомобільна федерація,Международна автомобилна федерация,Mezinárodní automobilová federace,Fédération Internationale de l'Automobile,Federación Internacional del Automóvil,Uluslararası Otomobil Federasyonu,Mednarodna avtomobilistična zveza
Динамо ,FC Dynamo Kyiv,Dynamo Kijów,ФК Дынама Кіеў,Динамо ,ФК Динамо ,FK Dynamo Kyjev,FC Dinamo de Kíiv,F. C. Dinamo de Kiev,FK Dinamo Kyiv,Dinamo Kijev
SEAT,SEAT,SEAT,SEAT,SEAT,Сеат,SEAT,SEAT,SEAT,SEAT,SEAT
ЦЕРН,CERN,CERN,CERN,CERN,Европейска организация за ядрени изследвания,Evropská organizace pro jaderný výzkum,Organització Europea per a la Recerca Nuclear,Organización Europea para la Investigación Nuclear,Avrupa Nükleer Araştırma Merkezi,Evropska organizacija za jedrske raziskave
Лига Наций,League of Nations,Liga Narodów,Ліга Нацый,Ліга Націй,Общество на народите,Společnost národů,Societat de Nacions,Sociedad de las Naciones,Milletler Cemiyeti,Društvo narodov
Израильский музей,Israel Museum,Muzeum Izraela,Музей Ізраіля,Музей Ізраїлю,"Израелски музей, Йерусалим",Izraelské muzeum,Museu d'Israel,Museo de Israel,İsrail Müzesi,Izraelski muzej
Вольфсбург ,VfL Wolfsburg,VfL Wolfsburg,ФК Вольфсбург,Вольфсбург ,ФФЛ Волфсбург,VfL Wolfsburg,Verein für Leibesübungen Wolfsburg,VfL Wolfsburgo,VfL Wolfsburg,VfL Wolfsburg
Социалистическая партия ,Socialist Party ,Partia Socjalistyczna ,Сацыялістычная партыя ,Соціалістична партія ,Социалистическа партия ,Parti socialiste ,Partit Socialista ,Partido Socialista ,Sosyalist Parti ,Socialistična stranka 
Боруссия ,Borussia Dortmund,Borussia Dortmund,ФК Барусія Дортмунд,Боруссія ,Борусия 09 ,Borussia Dortmund,Ballspielverein Borussia 09 Dortmund,Borussia Dortmund,Borussia Dortmund,Borussia Dortmund
Движение неприсоединения,Non-Aligned Movement,Ruch Państw Niezaangażowanych,Рух недалучэння,Рух неприєднання,Движение на необвързаните държави,Hnutí nezúčastněných zemí,Moviment de Països No-alineats,Movimiento de Países No Alineados,Bağlantısızlar Hareketi,Gibanje neuvrščenih
Аталанта ,Atalanta B.C.,Atalanta BC,ФК Аталанта,Аталанта ,Аталанта БК,Atalanta BC,Atalanta Bergamasca Calcio,Atalanta Bergamasca Calcio,Atalanta BC,Atalanta B.C.
Вильярреал ,Villarreal CF,Villarreal CF,ФК Вільярэал,Вільярреал ,Виляреал КФ,Villarreal CF,Vila-real Club de Futbol,Villarreal Club de Fútbol,Villarreal CF,Villarreal CF
Палермо ,Palermo F.C.,Palermo FC,ФК Палерма,Палермо ,ССД Палермо,Palermo SSD,Palermo Football Club,Palermo Football Club,Palermo FC,Palermo Football Club
Сампдория,U.C. Sampdoria,UC Sampdoria,ФК Сампдорыя,Сампдорія,УК Сампдория,UC Sampdoria,Unione Calcio Sampdoria,Unione Calcio Sampdoria,UC Sampdoria,U.C. Sampdoria
Хезболла,Hezbollah,Hezbollah,Хезбала,Хезболла,Хизбула,Hizballáh,Hesbol·là,Hezbolá,Hizbullah ,Hezbolah
Lancia,Lancia,Lancia,Lancia,Lancia,Ланча,Lancia,Lancia,Lancia,Lancia,Lancia
Aston Martin,Aston Martin,Aston Martin,Aston Martin,Aston Martin,Астон Мартин,Aston Martin,Aston Martin,Aston Martin,Aston Martin,Aston Martin
Экономический и Социальный Совет ООН,United Nations Economic and Social Council,Rada Gospodarcza i Społeczna Organizacji Narodów Zjednoczonych,Эканамічны і сацыяльны савет ААН,Економічна і соціальна рада ООН,Икономически и социален съвет на ООН,Ekonomická a sociální rada OSN,Consell Econòmic i Social de l'ONU,Consejo Económico y Social de las Naciones Unidas,Birleşmiş Milletler Ekonomik ve Sosyal Konseyi,Ekonomski in socialni svet
Нант ,FC Nantes,FC Nantes,ФК Нант,Нант ,ФК Нант,FC Nantes,Football Club de Nantes,Football Club de Nantes,FC Nantes,FC Nantes
Содружество наций,Commonwealth of Nations,Wspólnota Narodów,Садружнасць нацый,Співдружність націй,Общност на нациите,Commonwealth,Commonwealth,Mancomunidad de Naciones,İngiliz Milletler Topluluğu,Skupnost narodov
Британская библиотека,British Library,Biblioteka Brytyjska,Брытанская бібліятэка,Британська бібліотека,Британска библиотека,Britská knihovna,Biblioteca Britànica,British Library,Britanya Kütüphanesi,Britanska knjižnica
Фейеноорд,Feyenoord,Feyenoord,ФК Феенорд,Феєнорд,ФК Фейенорд,Feyenoord,Feyenoord Rotterdam,Feyenoord de Róterdam,Feyenoord,Feyenoord
Осасуна,CA Osasuna,CA Osasuna,ФК Асасуна,Осасуна,Клуб Атлетико Осасуна,CA Osasuna,Club Atlético Osasuna,Club Atlético Osasuna,CA Osasuna,CA Osasuna
Тулуза ,Toulouse FC,Toulouse FC,ФК Тулуза,Тулуза ,ФК Тулуза,Toulouse FC,Toulouse Football Club,Toulouse Football Club,Toulouse FC,Toulouse FC
Международный союз велосипедистов,Union Cycliste Internationale,Międzynarodowa Unia Kolarska,Міжнародны саюз веласіпедыстаў,Міжнародний союз велосипедистів,Международен колоездачен съюз,Mezinárodní cyklistická unie,Unió Ciclista Internacional,Unión Ciclista Internacional,Uluslararası Bisiklet Birliği,Mednarodna kolesarska zveza
Динамо ,GNK Dinamo Zagreb,Dinamo Zagrzeb,ФК Дынама Заграб,Динамо ,ФК Динамо ,GNK Dinamo Záhřeb,GNK Dinamo Zagreb,Građanski Nogometni Klub Dinamo Zagreb,GNK Dinamo Zagreb,GNK Dinamo Zagreb
Яд ва-Шем,Yad Vashem,Jad Waszem,Яд ва-Шэм,Яд Вашем,Яд ва-Шем,Jad vašem,Iad va-Xem,Yad Vashem,Yad Vaşem,Jad Vašem
Хайдук ,HNK Hajduk Split,Hajduk Split,ФК Хайдук Спліт,Хайдук ,ФК Хайдук ,HNK Hajduk Split,HNK Hajduk Split,Hrvatski Nogometni Klub Hajduk Split,HNK Hajduk Split,HNK Hajduk Split
North American Aviation,North American Aviation,North American Aviation,North American Aviation,North American Aviation,Норт Американ Авиейшън,North American Aviation,North American Aviation,North American Aviation,North American Aviation,North American Aviation
Nissan,Nissan,Nissan,Nissan,Nissan,Нисан Мотър Къмпани,Nissan,Nissan,Nissan,Nissan,Nissan
Нефтчи ,Neftçi PFK,Neftçi PFK,ФК Нефтчы Баку,Нефтчі ,ПФК Нефтчи,Neftçi Bakı PFK,Neftçi Peşəkar Futbol Klubu,Neftchi Baku PFK,Neftçi PFK,Neftçi PFK
Организация экономического сотрудничества и развития,OECD,Organizacja Współpracy Gospodarczej i Rozwoju,Арганізацыя эканамічнага супрацоўніцтва і развіцця,Організація економічного співробітництва та розвитку,Организация за икономическо сътрудничество и развитие,Organizace pro hospodářskou spolupráci a rozvoj,Organització de Cooperació i Desenvolupament Econòmic,Organización para la Cooperación y el Desarrollo Económicos,OECD,Organizacija za gospodarsko sodelovanje in razvoj
Сан-Паулу ,São Paulo FC,São Paulo FC,ФК Сан-Паўлу,Сан-Паулу ,Сао Пауло Футебол Клубе,São Paulo FC,São Paulo Futebol Clube,São Paulo Futebol Clube,São Paulo FC,São Paulo Futebol Clube
Opus Dei,Opus Dei,Opus Dei,Opus Dei,Opus Dei,Опус Деи,Opus Dei,Opus Dei,Opus Dei,Opus Dei,Opus Dei
Русенборг,Rosenborg BK,Rosenborg BK,ФК Русенбарг,Русенборг,ФК Розенборг,Rosenborg BK,Rosenborg Ballklub,Rosenborg Ballklub,Rosenborg BK,Rosenborg B.K.
Международный астрономический союз,International Astronomical Union,Międzynarodowa Unia Astronomiczna,Міжнародны астранамічны саюз,Міжнародний астрономічний союз,Международен астрономически съюз,Mezinárodní astronomická unie,Unió Astronòmica Internacional,Unión Astronómica Internacional,Uluslararası Astronomi Birliği,Mednarodna astronomska zveza
Mitsubishi Motors,Mitsubishi Motors,Mitsubishi Motors,Mitsubishi Motors,Mitsubishi Motors Corporation,Мицубиши Моторс,Mitsubishi Motors,Mitsubishi Motors,Mitsubishi Motors,Mitsubishi Motors,Mitsubishi Motors Corporation
Труа ,ES Troyes AC,Troyes AC,ФК Труа,Труа ,Троа ОШ,Troyes AC,Espérance Sportive Troyes Aube Champagne,Espérance Sportive Troyes Aube Champagne,Troyes AC,Troyes AC
EMI,EMI,EMI,EMI,EMI,И Ем Ай,EMI,EMI,EMI,EMI,EMI
Совет Безопасности ООН,United Nations Security Council,Rada Bezpieczeństwa Organizacji Narodów Zjednoczonych,Савет Бяспекі ААН,Рада Безпеки ООН,Съвет за сигурност на ООН,Rada bezpečnosti OSN,Consell de Seguretat de les Nacions Unides,Consejo de Seguridad de las Naciones Unidas,Birleşmiş Milletler Güvenlik Konseyi,Varnostni svet ZN
Организация Варшавского договора,Warsaw Pact,Układ Warszawski,Варшаўскі дагавор,Варшавський договір ,Варшавски договор,Varšavská smlouva,Pacte de Varsòvia,Pacto de Varsovia,Varşova Paktı,Varšavski pakt
Брага ,S.C. Braga,SC Braga,ФК Брага,Брага ,ФК Спортинг ,SC Braga,Sporting Clube de Braga,Sporting Clube de Braga,SC Braga,S.C. Braga
Activision,Activision,Activision,Activision,Activision,Активижън,Activision,Activision,Activision,Activision,Activision
Европейское экономическое сообщество,European Economic Community,Wspólnota Europejska,Еўрапейская эканамічная супольнасць,Європейська економічна спільнота,Европейска общност,Evropské hospodářské společenství,Comunitat Econòmica Europea,Comunidad Económica Europea,Avrupa Ekonomik Topluluğu,Evropska gospodarska skupnost
Honda,Honda,Honda,Honda,Honda,Хонда,Honda,Honda,Honda,Honda,Honda
Леванте ,Levante UD,Levante UD,ФК Левантэ,Леванте ,Леванте УД,Levante UD,Llevant Unió Esportiva,Levante Unión Deportiva,Levante UD,Levante UD
Ним ,Nîmes Olympique,Nîmes Olympique,ФК Нім Алімпік,Нім ,Олимпик Ним,Nîmes Olympique,Nîmes Olympique,Nîmes Olympique Football Club,Nîmes Olympique,Nîmes Olympique
Европейское космическое агентство,European Space Agency,Europejska Agencja Kosmiczna,Еўрапейскае касмічнае агенцтва,Європейське космічне агентство,Европейска космическа агенция,Evropská kosmická agentura,Agència Espacial Europea,Agencia Espacial Europea,Avrupa Uzay Ajansı,Evropska vesoljska agencija
ХАМАС,Hamas,Hamas,ХАМАС,Хамас,Хамас,Hamás,Hamàs,Hamás,Hamas,Hamas
Гент ,K.A.A. Gent,KAA Gent,ФК Гент,Гент ,КАА Гент,KAA Gent,Koninklijke Atletiek Associatie Gent,K. A. A. Gante,KAA Gent,KAA Gent
Боруссия ,Borussia Mönchengladbach,Borussia Mönchengladbach,ФК Барусія Мёнхенгладбах,Боруссія ,Борусия ФФЛ 1900 ,Borussia Mönchengladbach,Borussia VfL 1900 Mönchengladbach,Borussia Mönchengladbach,Borussia Mönchengladbach,Borussia Mönchengladbach
Microsoft,Microsoft,Microsoft,Microsoft,Microsoft,Майкрософт,Microsoft,Microsoft,Microsoft,Microsoft,Microsoft
Кубань ,FC Kuban Krasnodar,Kubań Krasnodar,ФК Кубань Краснадар,Кубань ,ФК Кубан Краснодар,FK Kubáň Krasnodar,FK Kuban Krasnodar,FC Kubán Krasnodar,FK Kuban,NK Kuban Krasnodar
Марибор ,NK Maribor,NK Maribor,ФК Марыбар,Марибор ,НК Марибор,NK Maribor,Nogometni Klub Maribor,NK Maribor,NK Maribor,Nogometni klub Maribor
Реал Сосьедад,Real Sociedad,Real Sociedad,ФК Рэал Сасьедад,Реал Сосьєдад,ФК Реал ,Real Sociedad,Real Sociedad de Fútbol,Real Sociedad de Fútbol,Real Sociedad,Real Sociedad
Бурсаспор,Bursaspor,Bursaspor,ФК Бурсаспор,Бурсаспор,Бурсаспор,Bursaspor,Bursaspor Kulübü,Bursaspor,Bursaspor ,Bursaspor
Коммунистический интернационал,Communist International,Międzynarodówka Komunistyczna,Камуністычны інтэрнацыянал,Комуністичний інтернаціонал,Комунистически интернационал,Kominterna,III Internacional,Internacional Comunista,Komintern,Kominterna
Air Liquide,Air Liquide,Air Liquide,Air Liquide,Air Liquide,Air Liquide,Air Liquide,Air Liquide,Air Liquide,Air liquide,Air liquide
Лига арабских государств,Arab League,Liga Państw Arabskich,Ліга арабскіх дзяржаў,Ліга арабських держав,Лига на арабските държави,Liga arabských států,Lliga Àrab,Liga Árabe,Arap Birliği,Arabska liga
Трудовая партия Кореи,Workers' Party of Korea,Partia Pracy Korei,Працоўная партыя Карэі,Трудова партія Кореї,Корейска работническа партия,Korejská strana práce,Partit del Treball de Corea,Partido del Trabajo de Corea,Kore İşçi Partisi,Delavska partija Koreje
Фрайбург ,SC Freiburg,SC Freiburg,ФК Фрайбург,Фрайбург ,ШК Фрайбург,SC Freiburg,Sport-Club Freiburg,SC Friburgo,SC Freiburg,SC Freiburg
American Broadcasting Company,American Broadcasting Company,American Broadcasting Company,ABC ,American Broadcasting Company,Ей Би Си,American Broadcasting Company,American Broadcasting Company,American Broadcasting Company,American Broadcasting Company,American Broadcasting Company
Европейский суд по правам человека,European Court of Human Rights,Europejski Trybunał Praw Człowieka,Еўрапейскі суд па правах чалавека,Європейський суд з прав людини,Европейски съд по правата на човека,Evropský soud pro lidská práva,Tribunal Europeu de Drets Humans,Tribunal Europeo de Derechos Humanos,Avrupa İnsan Hakları Mahkemesi,Evropsko sodišče za človekove pravice
Бенфика ,S.L. Benfica,SL Benfica,ФК Бенфіка Лісабон,Бенфіка ,ФК „Бенфика“,Benfica Lisabon,Sport Lisboa e Benfica,Sport Lisboa e Benfica,SL Benfica,Sport Lisboa e Benfica
АПОЭЛ ,APOEL FC,APOEL FC,ФК АПОЭЛ,АПОЕЛ ,ФК АПОЕЛ,APOEL FC,APOEL FC Nicòsia,APOEL de Nicosia,APOEL ,APOEL F.C.
Даллас Маверикс,Dallas Mavericks,Dallas Mavericks,Далас Маверыкс,Даллас Маверікс,Далас Маверикс,Dallas Mavericks,Dallas Mavericks,Dallas Mavericks,Dallas Mavericks,Dallas Mavericks
Днепр ,FC Dnipro,FK Dnipro,ФК Дняпро Дніпро,Дніпро ,ФК Днипро,FK Dnipro,FC Dniprò,FC Dnipró,FK Dnipro,FK Dnipro
Всемирный фонд дикой природы,World Wide Fund for Nature,World Wide Fund for Nature,Сусветны фонд дзікай прыроды,Всесвітній фонд дикої природи,Световен фонд за природата,Světový fond na ochranu přírody,Fons Mundial per la Natura,Fondo Mundial para la Naturaleza,Dünya Doğayı Koruma Vakfı,Svetovni sklad za naravo
Завод имени Лихачёва,ZiL,ZiŁ,Завод імя Ліхачова,Автомобільний завод ім. І. О. Лихачова,ЗИЛ,ZIL,ZiL,ZIL,ZiL,ZiL
Северный совет,Nordic Council,Rada Nordycka,Паўночны савет,Північна рада,Северен съвет,Severská rada,Consell Nòrdic,Consejo Nórdico,İskandinav Kurulu,Nordijski svet
BirdLife International,BirdLife International,BirdLife International,BirdLife International,BirdLife International,Бърдлайф Интернешънъл,BirdLife International,BirdLife International,BirdLife International,BirdLife International,BirdLife International
Apple,Apple Inc.,Apple ,Apple,Apple Inc.,Епъл,Apple,Apple Inc,Apple,Apple,Apple Inc.
Висла ,Wisła Kraków,Wisła Kraków ,ФК Вісла Кракаў,Вісла ,ФК Висла ,Wisla Krakov,Wisla Cracòvia SA,Wisła Cracovia,Wisła Kraków,Wisła Kraków
Байер 04 ,Bayer 04 Leverkusen,Bayer 04 Leverkusen,ФК Баер 04 Леверкузен,Баєр 04,ФК Байер ,Bayer 04 Leverkusen,Bayer 04 Leverkusen Fußball GmbH,Bayer Leverkusen,Bayer 04 Leverkusen,Bayer 04 Leverkusen
Андерлехт ,R.S.C. Anderlecht,RSC Anderlecht,ФК Андэрлехт,Андерлехт ,РСК Андерлехт,RSC Anderlecht,Royal Sporting Club Anderlecht,Royal Sporting Club Anderlecht,RSC Anderlecht,R.S.C. Anderlecht
Международный союз охраны природы,International Union for Conservation of Nature,Międzynarodowa Unia Ochrony Przyrody,Міжнародны саюз аховы прыроды,Міжнародний союз охорони природи,Международен съюз за защита на природата,Mezinárodní svaz ochrany přírody,Unió Internacional per a la Conservació de la Natura,Unión Internacional para la Conservación de la Naturaleza,Dünya Doğa ve Doğal Kaynakları Koruma Birliği,Svetovna zveza za varstvo narave
Всесоюзный ленинский коммунистический союз молодёжи,Komsomol,Komsomoł,Камсамол,Комсомол,Комсомол,Komsomol,Komsomol,Komsomol,Komsomol,Komsomol
Capitol Records,Capitol Records,Capitol Records,Capitol Records,Capitol Records,Кепитъл Рекърдс,Capitol Records,Capitol Records,Capitol Records,Capitol Records,Capitol Records
Международная морская организация,International Maritime Organization,Międzynarodowa Organizacja Morska,Міжнародная марская арганізацыя,Міжнародна морська організація,Международна морска организация,Mezinárodní námořní organizace,Organització Marítima Internacional,Organización Marítima Internacional,Uluslararası Denizcilik Örgütü,Mednarodna pomorska organizacija
Монако ,AS Monaco FC,AS Monaco FC,ФК Манака,Монако ,АС Монако,AS Monaco FC,Association Sportive de Monaco Football Club,Association Sportive de Monaco Football Club,AS Monaco FC,A.S. Monaco
Daihatsu,Daihatsu,Daihatsu,Daihatsu,Daihatsu,Дайхацу,Daihatsu,Daihatsu,Daihatsu,Daihatsu,Daihatsu
Международная организация по стандартизации,International Organization for Standardization,Międzynarodowa Organizacja Normalizacyjna,ISO,Міжнародна організація зі стандартизації,Международна организация по стандартизация,Mezinárodní organizace pro normalizaci,Organització Internacional per a l'Estandardització,Organización Internacional de Normalización,ISO,Mednarodna organizacija za standardizacijo
Burger King,Burger King,Burger King,Burger King,Burger King,Burger King,Burger King,Burger King,Burger King,Burger King,Burger King
Неа Саламина ,Nea Salamis Famagusta FC,Nea Salamina Famagusta,ФК Неа Саламіна Фамагуста,Неа Саламіна Фамагуста ,Неа Саламис Фамагуста,Nea Salamis Famagusta FC,Secció de futbol del Nea Salamis Famagusta,Nea Salamina Famagusta de Fútbol,AS Nea Salamis Ammohostu,Nea Salamis Famagusta FC
ЮНИСЕФ,UNICEF,Fundusz Narodów Zjednoczonych na rzecz Dzieci,Дзіцячы фонд ААН,ЮНІСЕФ,УНИЦЕФ,Dětský fond Organizace spojených národů,Fons de les Nacions Unides per a la Infància,Unicef,UNICEF,Sklad Združenih narodov za otroke
Бока Хуниорс,Boca Juniors,CA Boca Juniors,ФК Бока Хуніярс,Бока Хуніорс,ФК Бока Хуниорс,CA Boca Juniors,Club Atlético Boca Juniors,Club Atlético Boca Juniors,CA Boca Juniors,Boca Juniors
Музей Орсе,Musée d'Orsay,Musée d’Orsay,Музей Арсэ,Музей д'Орсе,Музей Орсе,Muzeum Orsay,Museu d'Orsay,Museo de Orsay,Orsay Müzesi,Musée d'Orsay
Аврора ,Russian cruiser Aurora,Aurora ,Аўрора ,Аврора ,Аврора ,Aurora ,Aurora ,Aurora ,Avrora ,Križarka Avrora
Intel,Intel,Intel,Intel,Intel,Интел,Intel,Intel,Intel,Intel,Intel
Лаборатория реактивного движения,Jet Propulsion Laboratory,Jet Propulsion Laboratory,Лабараторыя рэактыўнага руху,Лабораторія реактивного руху,Лаборатория за реактивно движение,Jet Propulsion Laboratory,Jet Propulsion Laboratory,Laboratorio de Propulsión a Reacción,Jet İtki Laboratuvarı,Laboratorij za reaktivni pogon
Организация стран — экспортёров нефти,OPEC,OPEC,АПЕК,ОПЕК,Организация на страните износителки на петрол,Organizace zemí vyvážejících ropu,Organització de Països Exportadors de Petroli,Organización de Países Exportadores de Petróleo,OPEC,Organizacija držav izvoznic nafte
АЗ ,AZ Alkmaar,AZ Alkmaar,ФК АЗ,АЗ ,АЗ Алкмар,AZ Alkmaar,AZ Alkmaar,AZ Alkmaar,AZ,AZ Alkmaar
Пари Сен-Жермен,Paris Saint-Germain F.C.,Paris Saint-Germain F.C.,ФК Пары Сен-Жэрмен,Парі Сен-Жермен,ФК Пари Сен Жермен,Paris Saint-Germain FC,Paris Saint-Germain Football Club,Paris Saint-Germain Football Club,Paris Saint-Germain FC,Paris Saint-Germain FC
Би-би-си,BBC,BBC,BBC,BBC,Би Би Си,BBC,BBC,BBC,BBC,BBC
АЕЛ ,AEL Limassol,AEL Limassol,ФК АЭЛ Лімасол,АЕЛ ,АЕЛ Лимасол,AEL Limassol,Athlitiki Enosis Lemesou,AEL Limassol FC,AEL ,AEL Limassol
НАТО,NATO,NATO,НАТА,НАТО,НАТО,Severoatlantická aliance,Organització del Tractat de l'Atlàntic Nord,OTAN,NATO,NATO
ЮНЕСКО,UNESCO,UNESCO,ЮНЕСКА,ЮНЕСКО,ЮНЕСКО,UNESCO,UNESCO,Unesco,UNESCO,"Organizacija Združenih narodov za izobraževanje, znanost in kulturo"
Sony,Sony,Sony,Sony,Sony,Сони,Sony,Sony,Sony,Sony,Sony
Warner Bros.,Warner Bros.,Warner Bros.,Warner Brothers,Warner Bros.,Уорнър Брос,Warner Bros.,Warner Bros.,Warner Bros.,Warner Bros.,Warner Bros.
Isuzu,Isuzu,Isuzu,Isuzu,Isuzu,Исузу,Isuzu,Isuzu,Isuzu,Isuzu,Isuzu
SWIFT,SWIFT,SWIFT,SWIFT,SWIFT,SWIFT ,SWIFT,SWIFT,SWIFT,Bankalararası Finansal Telekomünikasyon Derneği,Združenje za svetovno medbančno finančno telekomunikacijo
Австрийская академия наук,Austrian Academy of Sciences,Austriacka Akademia Nauk,Аўстрыйская акадэмія навук,Австрійська академія наук,Австрийска академия на науките,Rakouská akademie věd,Acadèmia Austríaca de Ciències,Academia Austríaca de Ciencias,Avusturya Bilimler Akademisi,Avstrijska akademija znanosti
Трабзонспор ,Trabzonspor,Trabzonspor,ФК Трабзанспор,Трабзонспор,ФК Трабзонспор,Trabzonspor,Trabzonspor Kulübü,Trabzonspor,Trabzonspor ,Trabzonspor
ФИБА Европа,FIBA Europe,FIBA Europa,ФІБА Еўропа,ФІБА Європа,ФИБА Европа,Evropská basketbalová federace,FIBA Europa,FIBA Europa,FIBA Avrupa,FIBA Evropa
Electronic Arts,Electronic Arts,Electronic Arts,Electronic Arts,Electronic Arts,Електроник Артс,Electronic Arts,Electronic Arts,Electronic Arts,Electronic Arts,Electronic Arts
Европейское сообщество по атомной энергии,European Atomic Energy Community,Europejska Wspólnota Energii Atomowej,Еўрапейская супольнасць па атамнай энергіі,Європейська спільнота з атомної енергії,Европейска общност за атомна енергия,Evropské společenství pro atomovou energii,Comunitat Europea de l'Energia Atòmica,Comunidad Europea de la Energía Atómica,Avrupa Atom Enerjisi Topluluğu,Evropska skupnost za jedrsko energijo
Монпелье ,Montpellier HSC,Montpellier HSC,ФК Манпелье,Монпельє ,Монпелие ЕСК,Montpellier HSC,Montpellier Hérault Sport Club,Montpellier Hérault Sport Club,Montpellier HSC,Montpellier HSC
Стяуа ,FCSB,FCSB,ФК Сцяўа Бухарэст,Стяуа ,ФК ФКСБ,FCSB,FC Steaua Bucureşti,Fotbal Club FCSB,FCSB,FCSB
Paramount Pictures,Paramount Pictures,Paramount Pictures,Paramount Pictures,Paramount Pictures,Парамаунт Пикчърс,Paramount Pictures,Paramount Pictures,Paramount Pictures,Paramount Pictures,Paramount Pictures
Мальмё ,Malmö FF,Malmö FF,ФК Мальмё,Мальме ,Малмьо ФФ,Malmö FF,Malmö FF,Malmö FF,Malmö FF,Malmö FF
Солидарность ,Solidarity ,Niezależny Samorządny Związek Zawodowy „Solidarność”,Салідарнасць ,Солідарність ,Солидарност ,Solidarita ,Solidarność,Solidaridad ,Solidarność,Solidarność
Национальная баскетбольная ассоциация,National Basketball Association,National Basketball Association,Нацыянальная баскетбольная асацыяцыя,Національна баскетбольна асоціація,Национална баскетболна асоциация,National Basketball Association,NBA,National Basketball Association,National Basketball Association,NBA
Ницца ,OGC Nice,OGC Nice,ФК Ніца,Ніцца ,ОЖК Ница,OGC Nice,Olympique Gymnaste Club de Nice-Côte d'Azur,Olympique Gymnaste Club de Niza,OGC Nice,OGC Nice
Валенсия ,Valencia CF,Valencia CF,ФК Валенсія,Валенсія ,Валенсия КФ,Valencia CF,València Club de Futbol,Valencia Club de Fútbol,Valencia CF,Valencia CF
Болонья ,Bologna F.C. 1909,Bologna FC 1909,ФК Балоння,Болонья ,ФК „Болоня“,Bologna FC 1909,Bologna Football Club 1909,Bologna Football Club 1909,Bologna FC 1909,Bologna F.C. 1909
Реал Вальядолид,Real Valladolid,Real Valladolid,ФК Рэал Вальядалід,Реал Вальядолід,Реал Валядолид,Real Valladolid,Real Valladolid Club de Fútbol,Real Valladolid Club de Fútbol,Real Valladolid CF,Real Valladolid
Африканский союз,African Union,Unia Afrykańska,Афрыканскі Саюз,Африканський Союз,Африкански съюз,Africká unie,Unió Africana,Unión Africana,Afrika Birliği,Afriška unija
Национальная библиотека Польши,National Library of Poland,Biblioteka Narodowa ,Нацыянальная бібліятэка Польшчы,Національна бібліотека Польщі,Национална библиотека на Полша,Polská národní knihovna,Biblioteca Nacional de Polònia,Biblioteca Nacional de Polonia,Millî Kütüphane ,Narodna knjižnica 
Кайзерслаутерн ,1. FC Kaiserslautern,1. FC Kaiserslautern,ФК Кайзерслаўтэрн,Кайзерслаутерн ,1. ФК Кайзерслаутерн,1. FC Kaiserslautern,1. Fußball-Club Kaiserslautern,1. FC Kaiserslautern,1. FC Kaiserslautern,1. FC Kaiserslautern
Олимпик Лион,Olympique Lyonnais,Olympique Lyon,ФК Алімпік Ліён,Олімпік ,ФК Олимпик ,Olympique Lyon,Olympique Lyonnais,Olympique de Lyon,Olympique Lyonnais,Olympique Lyonnais
Союз коммунистов Югославии,League of Communists of Yugoslavia,Związek Komunistów Jugosławii,Саюз камуністаў Югаславіі,Союз комуністів Югославії,Съюз на комунистите на Югославия,Svaz komunistů Jugoslávie,Lliga de Comunistes de Iugoslàvia,Liga de los Comunistas de Yugoslavia,Yugoslavya Komünistler Birliği,Zveza komunistov Jugoslavije
Ubisoft,Ubisoft,Ubisoft,Ubisoft,Ubisoft,Ubisoft,Ubisoft,Ubisoft,Ubisoft,Ubisoft,Ubisoft
Международная ассоциация воздушного транспорта,International Air Transport Association,Międzynarodowe Zrzeszenie Przewoźników Powietrznych,Міжнародная асацыяцыя паветранага транспарту,Міжнародна асоціація повітряного транспорту,Международна асоциация за въздушен транспорт,International Air Transport Association,Associació Internacional del Transport Aeri,Asociación Internacional de Transporte Aéreo,Uluslararası Hava Taşımacılığı Birliği,Mednarodno združenje za zračni transport
Немецкий музей ,Deutsches Museum,Muzeum Niemieckie,Нямецкі музей ,Німецький музей,Немски музей,Německé muzeum ,Deutsches Museum,Deutsches Museum,Deutsches Museum,"Nemški muzej, München"
Фонд свободного программного обеспечения,Free Software Foundation,Free Software Foundation,Фонд свабоднага праграмнага забеспячэння,Фонд вільного програмного забезпечення,Фондация за свободен софтуер,Free Software Foundation,Free Software Foundation,Free Software Foundation,Free Software Foundation,Free Software Foundation
Генеральная Ассамблея ООН,United Nations General Assembly,Zgromadzenie Ogólne Organizacji Narodów Zjednoczonych,Генеральная Асамблея ААН,Генеральна Асамблея ООН,Общо събрание на ООН,Valné shromáždění OSN,Assemblea General de les Nacions Unides,Asamblea General de las Naciones Unidas,Birleşmiş Milletler Genel Kurulu,Generalna skupščina ZN
Легия ,Legia Warsaw,Legia Warszawa ,ФК Легія Варшава,Легія ,ФК Легия ,Legia Warszawa,Legia Varsòvia,Legia de Varsovia,Legia Warszawa,Legia Warszawa
Бостон Селтикс,Boston Celtics,Boston Celtics,Бостан Селтыкс,Бостон Селтікс,Бостън Селтикс,Boston Celtics,Boston Celtics,Boston Celtics,Boston Celtics,Boston Celtics
Эмполи ,Empoli F.C.,Empoli FC,ФК Эмпалі,Емполі ,ФК Емполи,Empoli FC,Empoli Football Club,Empoli Football Club,Empoli FC,Empoli F.C.
Организация американских государств,Organization of American States,Organizacja Państw Amerykańskich,Арганізацыя амерыканскіх дзяржаў,Організація американських держав,Организация на американските държави,Organizace amerických států,Organització dels Estats Americans,Organización de los Estados Americanos,Amerikan Devletleri Örgütü,Organizacija ameriških držav
NASDAQ,Nasdaq,NASDAQ,NASDAQ,NASDAQ,НАСДАК,NASDAQ,NASDAQ,NASDAQ,Nasdaq,NASDAQ
Suzuki,Suzuki,Suzuki,Suzuki,Suzuki Motor Corporation,Сузуки,Suzuki,Suzuki,Suzuki,Suzuki,Suzuki
British Airways,British Airways,British Airways,British Airways,British Airways,Бритиш Еъруейс,British Airways,British Airways,British Airways,British Airways,British Airways
Oracle,Oracle Corporation,Oracle Corporation,Oracle,Oracle Corporation,Оракъл ,Oracle Corporation,Oracle Corporation,Oracle Corporation,Oracle,Oracle Corporation
Adobe,Adobe Inc.,Adobe ,Adobe,Adobe Systems,Adobe,Adobe Systems,Adobe,Adobe ,Adobe,Adobe
IBM,IBM,IBM,IBM,IBM,IBM,IBM,IBM,IBM,IBM,IBM
Национал-социалистическая немецкая рабочая партия,Nazi Party,Narodowosocjalistyczna Niemiecka Partia Robotników,Нацыянал-сацыялістычная нямецкая рабочая партыя,Націонал-соціалістична робітнича партія Німеччини,Националсоциалистическа германска работническа партия,Národně socialistická německá dělnická strana,Partit Nacionalsocialista Alemany dels Treballadors,Partido Nacionalsocialista Obrero Alemán,Nasyonal Sosyalist Alman İşçi Partisi,Nacionalsocialistična nemška delavska stranka
Суонси Сити,Swansea City A.F.C.,Swansea City A.F.C.,ФК Суонсі Сіці,Суонсі Сіті,АФК Суонзи Сити,Swansea City AFC,Swansea City Association Football Club,Swansea City Association Football Club,Swansea City AFC,Swansea City A.F.C.
Mercedes-Benz,Mercedes-Benz,Mercedes-Benz,Mercedes-Benz,Mercedes-Benz,Мерцедес-Бенц,Mercedes-Benz,Mercedes-Benz,Mercedes-Benz,Mercedes-Benz,Mercedes-Benz
Кёльн ,1. FC Köln,1. FC Köln,ФК Кёльн,Кельн ,1. ФК Кьолн,1. FC Köln,1. Fußball-Club Köln,F. C. Colonia,1. FC Köln,1. FC Köln
Аугсбург ,FC Augsburg,FC Augsburg,ФК Аўгсбург,Аугсбург ,ФК Аугсбург,FC Augsburg,Fußball-Club Augsburg 1907,F. C. Augsburgo,FC Augsburg,FC Augsburg
Денвер Наггетс,Denver Nuggets,Denver Nuggets,Дэнвер Нагетс,Денвер Наггетс,Денвър Нъгетс,Denver Nuggets,Denver Nuggets,Denver Nuggets,Denver Nuggets,Denver Nuggets
Организация Объединённых Наций,United Nations,Organizacja Narodów Zjednoczonych,Арганізацыя Аб’яднаных Нацый,Організація Об'єднаних Націй,Организация на обединените нации,Organizace spojených národů,Organització de les Nacions Unides,Organización de las Naciones Unidas,Birleşmiş Milletler,Organizacija združenih narodov
Алавес,Deportivo Alavés,Deportivo Alavés,ФК Алавес,Депортіво Алавес,Депортиво Алавес,Deportivo Alavés,Deportivo Alavés,Deportivo Alavés,Deportivo Alavés,Deportivo Alavés
Embraer,Embraer,Embraer,Embraer,Embraer,Ембраер,Embraer,Embraer,Embraer,Embraer,Embraer
Ростов ,FC Rostov,FK Rostów,ФК Растоў,Ростов ,ФК Ростов,FK Rostov,FK Rostov,FK Rostov,FK Rostov,FC Rostov
Сан-Антонио Спёрс,San Antonio Spurs,San Antonio Spurs,Сан-Антоніа Спёрс,Сан-Антоніо Сперс,Сан Антонио Спърс,San Antonio Spurs,San Antonio Spurs,San Antonio Spurs,San Antonio Spurs,San Antonio Spurs
Христианско-демократический союз Германии,Christian Democratic Union of Germany,Unia Chrześcijańsko-Demokratyczna ,Хрысціянска-дэмакратычны саюз Германіі,Християнсько-демократичний союз ,Християндемократически съюз,Křesťanskodemokratická unie,Unió Demòcrata Cristiana d'Alemanya,Unión Demócrata Cristiana de Alemania,Almanya Hristiyan Demokrat Birliği,Krščansko demokratska unija
Спортинг ,Sporting de Gijón,Sporting Gijón,ФК Спортынг Хіхон,Спортінг ,Спортинг Хихон,Sporting de Gijón,Real Sporting de Gijón,Real Sporting de Gijón,Real Sporting de Gijón,Sporting de Gijón
Ред Булл ,FC Red Bull Salzburg,Red Bull Salzburg,ФК Рэд Бул Зальцбург,Ред Булл ,ФК Ред Бул Залцбург,FC Red Bull Salzburg,Football Club Red Bull Salzburg,Red Bull Salzburgo,FC Red Bull Salzburg,Red Bull Salzburg
Челси ,Chelsea F.C.,Chelsea F.C.,ФК Чэлсі,Челсі ,ФК Челси,Chelsea FC,Chelsea Football Club,Chelsea Football Club,Chelsea FC,Chelsea F.C.
Чикаго Буллз,Chicago Bulls,Chicago Bulls,Чыкага Булз,Чикаго Буллз,Чикаго Булс,Chicago Bulls,Chicago Bulls,Chicago Bulls,Chicago Bulls,Chicago Bulls
Кристал Пэлас ,Crystal Palace F.C.,Crystal Palace F.C.,ФК Крыстал Пэлас,Крістал Пелес ,ФК Кристъл Палас,Crystal Palace FC,Crystal Palace Football Club,Crystal Palace Football Club,Crystal Palace FC,Crystal Palace F.C.
Международная федерация лыжного спорта,International Ski Federation,Międzynarodowa Federacja Narciarska,Міжнародная федэрацыя лыжнага спорту,Міжнародна федерація лижного спорту,Международна федерация по ски,Mezinárodní lyžařská federace,Federació Internacional d'Esquí,Federación Internacional de Esquí,Uluslararası Kayak Federasyonu,Mednarodna smučarska organizacija
Шахтёр ,FC Shakhter Karagandy,Szachtior Karaganda,ФК Шахцёр Караганда,Шахтар ,ФК Шахтьор Караганда,Šachťor Karaganda FK,FK Xakhtar Karaganda,FC Shakhter Karagandá,FK Şahter,FC Šahtjor Karagandi
Нанси ,AS Nancy Lorraine,AS Nancy,ФК Нансі,Нансі ,АС Нанси,AS Nancy,Association Sportive Nancy-Lorraine,Association Sportive Nancy-Lorraine,AS Nancy,AS Nancy
Общество Макса Планка,Max Planck Society,Towarzystwo Maxa Plancka,Таварыства Макса Планка,Товариство імені Макса Планка,Институти Макс Планк,Společnost Maxe Plancka,Societat Max Planck,Sociedad Max Planck,Max Planck Topluluğu,Družba Maxa Plancka
Партия независимости Пуэрто-Рико,Puerto Rican Independence Party,Portorykańska Partia Niepodległości,Партыя незалежнасці Пуэрта-Рыка,Партія незалежності Пуерто-Рико,Пуерториканска партия за независимост,Partido Independentista Puertorriqueño,Partit Independentista Porto-riqueny,Partido Independentista Puertorriqueño,Porto Riko Bağımsızlık Partisi,Portoriška osamosvojitvena stranka
Анже ,Angers SCO,Angers SCO,ФК Анжэ,Анже ,Анже СКУ,Angers SCO,Angers Sporting Club de l'Ouest,Angers Sporting Club Ouest,Angers SCO,Angers SCO
Ferrari,Ferrari,Ferrari,Ferrari,Ferrari,Ферари,Ferrari,Ferrari,Ferrari,Ferrari,Ferrari
Mazda,Mazda,Mazda,Mazda,Mazda,Мазда,Mazda,Mazda,Mazda,Mazda,Mazda
Нюрнберг ,1. FC Nürnberg,1. FC Nürnberg,ФК Нюрнберг,Нюрнберг ,1. ФК Нюрнберг,1. FC Norimberk,1. Fußball-Club Nürnberg VfL,1. F. C. Núremberg,1. FC Nürnberg,1. FC Nürnberg
Майнц 05,1. FSV Mainz 05,1. FSV Mainz 05,ФК Майнц 05,Майнц 05,1. ФШФ Майнц 05,1. FSV Mainz 05,1. Fußball- und Sportverein Mainz 05,1. F.S.V. Mainz 05,1. FSV Mainz 05,1. FSV Mainz 05
Реймс ,Stade de Reims,Stade de Reims,ФК Рэймс,Реймс ,Стад дьо Реймс,Stade Reims,Stade de Reims Champagne,Stade de Reims,Stade de Reims,Stade de Reims
Уиган Атлетик,Wigan Athletic F.C.,Wigan Athletic F.C.,ФК Уіган Атлетык,Віган Атлетік,ФК Уигън Атлетик,Wigan Athletic FC,Wigan Athletic Football Club,Wigan Athletic Football Club,Wigan Athletic FC,Wigan Athletic F.C.
Лехия ,Lechia Gdańsk,Lechia Gdańsk ,ФК Лехія Гданьск,Лехія ,ФК Лехия ,Lechia Gdańsk,KS Lechia Gdańsk,Lechia Gdańsk,Lechia Gdańsk,Lechia Gdańsk
Миротворческие силы ООН,United Nations peacekeeping,Siły pokojowe ONZ,Міратворчыя сілы ААН,Миротворчі сили ООН,Международни сили на ООН за поддържане на мира,Mírové síly OSN,Cascos Blaus de les Nacions Unides,Fuerzas de paz de las Naciones Unidas,Birleşmiş Milletler Barış Gücü,Mirovne misije OZN
Нью-Йорк Никс,New York Knicks,New York Knicks,Нью-Ёрк Нікс,Нью-Йорк Нікс,Ню Йорк Никс,New York Knicks,New York Knicks,New York Knicks,New York Knicks,New York Knicks
Новодевичий монастырь,Novodevichy Convent,Monaster Nowodziewiczy w Moskwie,Новадзявочы манастыр,Новодівичий монастир,Новодевически манастир,Novoděvičí klášter,Monestir de Novodévitxi,Monasterio de Novodévichi,Novodeviçi Manastırı,Samostan Novodevičji
Карабах ,Qarabağ FK,Qarabağ FK,ФК Карабах Агдам,Карабах ,ФК Карабах,FK Karabach,Qarabağ Futbol Klubu,Qarabağ Futbol Klubu,Karabağ FK,Qarabağ FK
ФИФА,FIFA,FIFA,ФІФА,ФІФА,ФИФА,FIFA,Federació Internacional de Futbol Associació,FIFA,FIFA,FIFA
Санкт-Паули,FC St. Pauli,FC St. Pauli,ФК Санкт-Паўлі,Санкт-Паулі ,ФК Санкт Паули,FC St. Pauli,Fußball-Club Sankt Pauli von 1910,F.C. San Pauli,FC St. Pauli,FC St. Pauli
IKEA,IKEA,IKEA,IKEA,IKEA,ИКЕА,IKEA,Ikea,IKEA,IKEA,IKEA
Adidas,Adidas,Adidas,Adidas,Adidas,Адидас,Adidas,Adidas,Adidas,Adidas,Adidas
Samsung,Samsung,Samsung,Samsung Group,Samsung Group,Самсунг Груп,Samsung,Samsung,Samsung,Samsung,Samsung
Кальяри ,Cagliari Calcio,Cagliari Calcio,ФК Кальяры,Кальярі ,Каляри Калчо,Cagliari Calcio,Cagliari Calcio,Cagliari Calcio,Cagliari Calcio,Cagliari Calcio
Панатинаикос ,Panathinaikos F.C.,Panathinaikos AO,ФК Панатынаікос,Панатінаїкос ,ФК „Панатинайкос“,Panathinaikos Athény ,Panathinaikos FC,Panathinaikos Fútbol Club,Panathinaikos ,Panathinaikos
Коммунистическая партия Китая,Chinese Communist Party,Komunistyczna Partia Chin,Камуністычная партыя Кітая,Комуністична партія Китаю,Китайска комунистическа партия,Komunistická strana Číny,Partit Comunista Xinès,Partido Comunista de China,Çin Komünist Partisi,Komunistična partija Kitajske
Нью-Йорк Янкис,New York Yankees,New York Yankees,Нью-Ёрк Янкіз,Нью-Йорк Янкіз,Ню Йорк Янкис,New York Yankees,New York Yankees,New York Yankees,New York Yankees,New York Yankees
Мец ,FC Metz,FC Metz,ФК Мец,Мец ,ФК Мец,FC Metz,Football Club de Metz,Football Club de Metz,FC Metz,FC Metz
Организация по безопасности и сотрудничеству в Европе,Organization for Security and Co-operation in Europe,Organizacja Bezpieczeństwa i Współpracy w Europie,Арганізацыя па бяспецы і супрацоўніцтве ў Еўропе,Організація з безпеки і співробітництва в Європі,Организация за сигурност и сътрудничество в Европа,Organizace pro bezpečnost a spolupráci v Evropě,Organització per a la Seguretat i la Cooperació a Europa,Organización para la Seguridad y la Cooperación en Europa,Avrupa Güvenlik ve İş Birliği Teşkilatı,Organizacija za varnost in sodelovanje v Evropi
Кьево ,A.C. ChievoVerona,AC ChievoVerona,ФК К’ева,К'єво ,АК Киево,AC ChievoVerona,Associazione Calcio ChievoVerona,Associazione Calcio ChievoVerona,AC ChievoVerona,A.C. Chievo Verona
Менса,Mensa International,Mensa International,Менса,Mensa International,Менса,Mensa International,Mensa International,Mensa ,Mensa,Mensa
Рух ,Ruch Chorzów,Ruch Chorzów,ФК Рух Хожаў,Рух ,ФК Рух,Ruch Chorzów,KS Ruch Chorzów,Ruch Chorzów,KS Ruch Chorzów,Ruch Chorzów
Страсбур ,RC Strasbourg Alsace,RC Strasbourg,ФК Страсбур,Страсбур ,РК Страсбург,RC Strasbourg Alsace,Racing Club de Strasbourg Alsace,Racing Club de Estrasburgo Alsacia,RC Strasbourg Alsace,RC Strasbourg Alsace
20th Century Studios,20th Century Studios,20th Century Studios,20th Century Studios,20th Century Studios,Туентиът Сенчъри Студиос,20th Century Studios,20th Century Studios,20th Century Studios,20th Century Studios,20th Century Studios
Кан ,Stade Malherbe Caen,SM Caen,ФК Кан,Кан ,СМ Кан,SM Caen,Stade Malherbe Caen Calvados Basse-Normandie,Stade Malherbe Caen,SM Caen,Stade Malherbe Caen
Риека ,HNK Rijeka,HNK Rijeka,ФК Рыека,Рієка ,ХФК Риека,HNK Rijeka,HNK Rijeka,HNK Rijeka,HNK Rijeka,HNK Rijeka
Walt Disney Pictures,Walt Disney Pictures,Walt Disney Pictures,Walt Disney Pictures,Walt Disney Pictures,Уолт Дисни Пикчърс,Walt Disney Pictures,Walt Disney Pictures,Walt Disney Pictures,Walt Disney Pictures,Walt Disney Pictures
Перуджа ,A.C. Perugia Calcio,AC Perugia Calcio,ФК Перуджа,Перуджа ,Перуджа Калчо,AC Perugia Calcio,Perugia Calcio,Associazione Calcistica Perugia Calcio,AC Perugia Calcio,Perugia Calcio
Международный суд ООН,International Court of Justice,Międzynarodowy Trybunał Sprawiedliwości,Міжнародны суд ААН,Міжнародний суд,Международен съд на ООН,Mezinárodní soudní dvůr,Tribunal Internacional de Justícia,Corte Internacional de Justicia,Uluslararası Adalet Divanı,Meddržavno sodišče
Ryanair,Ryanair,Ryanair,Ryanair,Ryanair,Райънеър,Ryanair,Ryanair,Ryanair,Ryanair,Ryanair
Секретариат ООН,United Nations Secretariat,Sekretariat Organizacji Narodów Zjednoczonych,Сакратарыят ААН,Секретаріат ООН,Секретариат на ООН,Sekretariát OSN,Secretariat de l'ONU,Secretaría General de las Naciones Unidas,Birleşmiş Milletler Sekreterliği,Sekretariat Združenih narodov
Детройт Ред Уингз,Detroit Red Wings,Detroit Red Wings,Дэтройт Рэд Уінгз,Детройт Ред Вінгз,Детройт Ред Уингс,Detroit Red Wings,Detroit Red Wings,Detroit Red Wings,Detroit Red Wings,Detroit Red Wings
Boeing,Boeing,Boeing,Boeing,Boeing,Боинг,Boeing,Boeing,Boeing,Boeing,Boeing
Интернационале,Inter Milan,Inter Mediolan,ФК Інтэрнацыянале Мілан,Інтернаціонале,ФК „Интер“,FC Inter Milán,FC Inter de Milà,Inter de Milán,FC Internazionale Milano,Football Club Internazionale Milano
Toyota,Toyota,Toyota,Toyota Motor Corporation,Toyota,Тойота,Toyota,Toyota,Toyota,Toyota,Toyota
Ку-клукс-клан,Ku Klux Klan,Ku Klux Klan,Ку-клукс-клан,Ку-клукс-клан,Ку-клукс-клан,Ku-klux-klan,Ku Klux Klan,Ku Klux Klan,Ku Klux Klan,Kukluksklan
United Airlines,United Airlines,United Airlines,United Airlines,United Airlines,Юнайтед Еърлайнс,United Airlines,United Airlines,United Airlines,United Airlines,United Airlines
Галерея Боргезе,Galleria Borghese,Galeria Borghese,Галерэя Баргезэ,Галерея Боргезе,Галерия Боргезе,Galerie Borghese,Galeria Borghese,Galería Borghese,Galleria Borghese,Galerija Borghese
Universal Pictures,Universal Pictures,Universal Pictures,Universal Studios,Universal Pictures,Юнивърсъл Студиос,Universal Studios,Universal Studios,Universal Pictures,Universal Pictures,Universal Studios
Реал Мадрид ,Real Madrid CF,Real Madryt,ФК Рэал Мадрыд,Реал Мадрид,Реал Мадрид КФ,Real Madrid,Reial Madrid Club de Futbol,Real Madrid Club de Fútbol,Real Madrid CF,Real Madrid Club de Fútbol
ФАТХ,Fatah,Al-Fatah,ФАТХ,ФАТХ,Фатах,Fatah,Fatah,Fatah,Fetih ,Fatah
Халл Сити,Hull City A.F.C.,Hull City A.F.C.,ФК Хал Сіці,Галл Сіті,АФК Хъл Сити,Hull City AFC,Hull City Association Football Club,Hull City Association Football Club,Hull City AFC,Hull City A.F.C.
McDonald’s,McDonald's,McDonald’s,McDonald’s,McDonald's,Макдоналдс,McDonald's,McDonald's,McDonald's,McDonald's,McDonald's
Cadillac,Cadillac,Cadillac,Cadillac,Cadillac,Кадилак,Cadillac,Cadillac ,Cadillac,Cadillac,Cadillac
Унион ,1. FC Union Berlin,1. FC Union Berlin,ФК Уніён Берлін,Уніон ,1. ФК Унион ,1. FC Union Berlín,1. Fußballclub Union Berlin,F. C. Unión Berlín,1. FC Union Berlin,1. FC Union Berlin
Bugatti,Bugatti Automobiles,Bugatti Automobiles,Bugatti,Bugatti,Бугати,Bugatti Automobiles,Bugatti,Bugatti,Bugatti,Bugatti
Прогрессивный альянс социалистов и демократов,Progressive Alliance of Socialists and Democrats,Postępowy Sojusz Socjalistów i Demokratów w Parlamencie Europejskim,Прагрэсіўны альянс сацыялістаў і дэмакратаў,Прогресивний альянс соціалістів і демократів,Прогресивен алианс на социалистите и демократите,Pokrokové spojenectví socialistů a demokratů,Aliança Progressista de Socialistes i Demòcrates,Grupo de la Alianza Progresista de Socialistas y Demócratas,Sosyalistler ve Demokratların İlerici İttifakı,Skupina naprednega zavezništva socialistov in demokratov
Европейская южная обсерватория,European Southern Observatory,Europejskie Obserwatorium Południowe,Еўрапейская паўднёвая абсерваторыя,Європейська південна обсерваторія,Европейска южна обсерватория,Evropská jižní observatoř,Observatori Europeu Austral,Observatorio Europeo Austral,Avrupa Güney Rasathanesi,Evropski južni observatorij
Мальорка ,RCD Mallorca,RCD Mallorca,ФК Мальёрка,Мальорка ,РКД Майорка,RCD Mallorca,Reial Club Deportiu Mallorca,Real Club Deportivo Mallorca,RCD Mallorca,RCD Mallorca
Lamborghini,Lamborghini,Lamborghini,Lamborghini,Lamborghini,Ламборгини,Lamborghini,Lamborghini,Lamborghini,Lamborghini,Lamborghini
Hewlett-Packard,Hewlett-Packard,Hewlett-Packard,Hewlett-Packard,Hewlett-Packard,Хюлет-Пакард,Hewlett-Packard,Hewlett-Packard,Hewlett-Packard,Hewlett-Packard,Hewlett-Packard
Депортиво Ла-Корунья,Deportivo de La Coruña,Deportivo La Coruña,ФК Дэпартыва Ла-Карунья,Депортіво ,Депортиво Ла Коруня,Deportivo de La Coruña,Real Club Deportivo de La Coruña,Real Club Deportivo de La Coruña,RC Deportivo de La Coruña,Deportivo de La Coruña
Генгам ,En Avant Guingamp,En Avant Guingamp,ФК Генгам,Генгам ,Ен Аван дьо Гингам,EA Guingamp,En Avant de Guingamp,En Avant de Guingamp,En avant Guingamp,En Avant de Guingamp
Лех ,Lech Poznań,Lech Poznań,ФК Лех Познань,Лех ,ФК Лех ,Lech Poznań,KKS Lech Poznań,Lech Poznań,KKS Lech Poznań,Lech Poznań
Saab AB,Saab AB,Saab Group,SAAB,Saab AB,СААБ ,Saab,Saab,Saab,Saab,Saab
Интернасьонал,Sport Club Internacional,SC Internacional,ФК Інтэрнасьянал,Інтернасьйонал,Спорт Клуб Интернасионал,Sport Club Internacional,Sport Club Internacional,Sport Club Internacional,SC Internacional,Sport Club Internacional
Олимпиакос ,Olympiacos F.C.,Olympiakos SFP,ФК Алімпіякос Пірэй,Олімпіакос ,ФК Олимпиакос,Olympiakos Pireus ,Olympiakos FC,Olympiakos Fútbol Club,Olimpiakos ,Olympiakos
Управление Верховного комиссара ООН по делам беженцев,United Nations High Commissioner for Refugees,Wysoki komisarz Narodów Zjednoczonych do spraw uchodźców,Упраўленне Вярхоўнага камісара Арганізацыі Аб’яднаных Нацый па справах бежанцаў,Управління Верховного комісара ООН у справах біженців,Върховен комисариат на ООН за бежанците,Úřad Vysokého komisaře OSN pro uprchlíky,Alt Comissariat de les Nacions Unides per als Refugiats,Alto Comisionado de las Naciones Unidas para los Refugiados,Birleşmiş Milletler Mülteciler Yüksek Komiserliği,Visoki komisariat Združenih narodov za begunce
Австрийская народная партия,Austrian People's Party,Austriacka Partia Ludowa,Аўстрыйская народная партыя,Австрійська народна партія,Австрийска народна партия,Rakouská lidová strana,Partit Popular d'Àustria,Partido Popular Austríaco,Avusturya Halk Partisi,Avstrijska ljudska stranka
Messerschmitt,Messerschmitt,Messerschmitt,Messerschmitt AG,Messerschmitt,Месершмит,Messerschmitt,Messerschmitt,Messerschmitt,Messerschmitt,Messerschmitt AG
Epic Records,Epic Records,Epic Records,Epic Records,Epic Records,Епик Рекърдс,Epic Records,Epic Records,Epic Records,Epic Records,Epic Records
Alstom,Alstom,Alstom,Alstom,Alstom,Алстом,Alstom,Alstom,Alstom,Alstom,Alstom
КАМАЗ,Kamaz,KAMAZ,КамАЗ,КамАЗ,КАМАЗ,Kamaz,Kamaz,Kamaz,Kamaz,Kamaz
Галатасарай ,Galatasaray S.K. ,Galatasaray SK ,ФК Галатасарай,Галатасарай ,ФК Галатасарай,Galatasaray SK,Galatasaray SK ,Galatasaray Spor Kulübü ,Galatasaray ,Galatasaray
NBC,NBC,NBC,NBC,NBC,Ен Би Си,NBC,NBC,NBC,NBC,NBC
Суд Европейского союза,Court of Justice of the European Union,Trybunał Sprawiedliwości Unii Europejskiej,Суд Еўрапейскага саюза,Суд Європейського Союзу,Съд на Европейския съюз,Soudní dvůr Evropské unie,Tribunal de Justícia de la Unió Europea,Tribunal de Justicia de la Unión Europea,Avrupa Adalet Divanı,Sodišče Evropske unije
Лорьян ,FC Lorient,FC Lorient,ФК Лар’ян,Лор'ян ,ФК Лориан,FC Lorient,Football Club Lorient Bretagne Sud,Football Club Lorient,FC Lorient,FC Lorient
Осиек ,NK Osijek,NK Osijek,ФК Осіек,Осієк ,ФК Осиек,NK Osijek,NK Osijek,Nogometni Klub Osijek,NK Osijek,NK Osijek
Норвич Сити,Norwich City F.C.,Norwich City F.C.,ФК Норвіч Сіці,Норвіч Сіті,ФК Норич Сити,Norwich City FC,Norwich City Football Club,Norwich City Football Club,Norwich City FC,Norwich City F.C.
Amnesty International,Amnesty International,Amnesty International,Amnesty International,Amnesty International,Амнести Интернешънъл,Amnesty International,Amnistia Internacional,Amnistía Internacional,Uluslararası Af Örgütü,Amnesty International
ПАОК ,PAOK FC,PAOK FC,ФК ПАОК,ПАОК ,ФК ПАОК,PAOK Soluň ,PAOK Salònica FC,PAOK de Salónica F. C.,PAOK ,PAOK FC
McDonnell Douglas,McDonnell Douglas,McDonnell Douglas,McDonnell Douglas,McDonnell Douglas,Макдонъл Дъглас,McDonnell Douglas,McDonnell Douglas,McDonnell Douglas,McDonnell Douglas,McDonnell Douglas
Шальке 04,FC Schalke 04,FC Schalke 04,ФК Шальке 04,Шальке 04,ФК Шалке 04,FC Schalke 04,Fußballclub Gelsenkirchen-Schalke 04,FC Schalke 04,FC Schalke 04,FC Schalke 04 Gelsenkirchen
Dodge,Dodge,Dodge,Dodge,Dodge,Додж,Dodge,Dodge ,Dodge,Dodge,Dodge
Домжале ,NK Domžale,NK Domžale,ФК Дамжале,Домжале ,НК Домжале,NK Domžale,Nogometni Klub Domžale,NK Domžale,NK Domžale,Nogometni klub Domžale
Лилль ,Lille OSC,Lille OSC,ФК Ліль,Лілль ,Лил ОСК,Lille OSC,Lille Olympique Sporting Club Métropole,Lille Olympique Sporting Club,Lille OSC,Lille OSC
Торино,Torino F.C.,Torino FC,ФК Тарына,Торіно,ФК Торино,Turín FC,Torino Football Club,Torino Football Club,Torino FC,Torino F.C.
Судува,FK Sūduva,Sūduva Mariampol,ФК Судува Марыямпале,Судува ,ФК Судува,FK Sūduva,FK Sūduva,FK Sūduva,FK Sūduva,FK Sūduva
ABB,ABB,ABB,ABB,ABB,ABB,ABB,ABB,ABB,ABB,ABB
ХИК,Helsingin Jalkapalloklubi,Helsingin Jalkapalloklubi,ФК ХІК Хельсінкі,ГІК ,ХЯК Хелзинки,Helsingin Jalkapalloklubi,Helsingin Jalkapalloklubi,HJK Helsinki,HJK Helsinki,Nogometni klub Helsinki
Шахтёр ,FC Shakhtar Donetsk,Szachtar Donieck,ФК Шахцёр Данецк,Шахтар ,ФК Шахтьор ,FK Šachtar Doněck,FC Xakhtar Donetsk,FK Shajtar Donetsk,FK Şahtar,Šahtar Doneck
Lufthansa,Lufthansa,Lufthansa,Lufthansa,Lufthansa,Луфтханза,Lufthansa,Lufthansa,Lufthansa,Lufthansa,Lufthansa
Народная партия за свободу и демократию,People's Party for Freedom and Democracy,Partia Ludowa na rzecz Wolności i Demokracji,Народная партыя за свабоду і дэмакратыю,Народна партія за свободу і демократію,Народна партия за свобода и демокрация,Lidová strana pro svobodu a demokracii,Partit Popular per la Llibertat i la Democràcia,Partido Popular por la Libertad y la Democracia,Özgürlük ve Demokrasi için Halk Partisi,Ljudska stranka za svobodo in demokracijo
Национальная футбольная лига,National Football League,National Football League,Нацыянальная футбольная ліга,Національна футбольна ліга,Национална футболна лига,National Football League,National Football League,National Football League,National Football League,National Football League
Наполи,S.S.C. Napoli,SSC Napoli,ФК Напалі,Наполі,ССК Наполи,SSC Neapol,Società Sportiva Calcio Napoli,Società Sportiva Calcio Napoli,SSC Napoli,S.S.C. Napoli
Кливленд Кавальерс,Cleveland Cavaliers,Cleveland Cavaliers,Кліўленд Кавальерс,Клівленд Кавальєрс,Кливланд Кавалиърс,Cleveland Cavaliers,Cleveland Cavaliers,Cleveland Cavaliers,Cleveland Cavaliers,Cleveland Cavaliers
Porsche,Porsche,Porsche,Porsche AG,Porsche,Порше,Porsche,Porsche,Porsche,Porsche,Porsche
Партизан ,FK Partizan,FK Partizan,ФК Партызан Бялград,Партизан ,ФК Партизан ,FK Partizan,Fudbalski Klub Partizan,Partizán de Belgrado,FK Partizan,Nogometni klub Partizan
Европейская ассоциация свободной торговли,European Free Trade Association,Europejskie Stowarzyszenie Wolnego Handlu,Еўрапейская асацыяцыя свабоднага гандлю,Європейська асоціація вільної торгівлі,Европейска асоциация за свободна търговия,Evropské sdružení volného obchodu,Associació Europea de Lliure Comerç,Asociación Europea de Libre Comercio,Avrupa Serbest Ticaret Birliği,Evropsko združenje za prosto trgovino
Dell,Dell,Dell,Dell,Dell,Дел,Dell,Dell,Dell,Dell,Dell
Международный валютный фонд,International Monetary Fund,Międzynarodowy Fundusz Walutowy,Міжнародны валютны фонд,Міжнародний валютний фонд,Международен валутен фонд,Mezinárodní měnový fond,Fons Monetari Internacional,Fondo Monetario Internacional,Uluslararası Para Fonu,Mednarodni denarni sklad
Columbia Pictures,Columbia Pictures,Columbia Pictures,Columbia Pictures,Columbia Pictures,Кълъмбия Пикчърс,Columbia Pictures,Columbia Pictures,Columbia Pictures,Columbia Pictures,Columbia Pictures
Лацио ,S.S. Lazio,S.S. Lazio,ФК Лацыа,Лаціо ,СС Лацио,SS Lazio,Società Sportiva Lazio,Società Sportiva Lazio,SS Lazio,S.S. Lazio
Volkswagen ,Volkswagen Group,Volkswagen Group,Volkswagen Group,Volkswagen AG,Фолксваген Груп,Volkswagen Group,Grup Volkswagen,Grupo Volkswagen,Volkswagen AG,Volkswagen Group
Ford,Ford Motor Company,Ford Motor Company,Ford Motor Company,Ford Motor Company,Форд Мотър Къмпани,Ford Motor Company,Ford Motor Company,Ford Motor Company,Ford Motor Company,Ford Motor Company
Эспаньол,RCD Espanyol,RCD Espanyol,ФК Эспаньёл,Еспаньйол,РКД Еспаньол,RCD Espanyol,Reial Club Deportiu Espanyol de Barcelona,Real Club Deportivo Espanyol,RCD Espanyol,RCD Espanyol
Audi,Audi,Audi,Audi,Audi,Ауди,Audi,Audi,Audi,Audi,Audi
Всемирный банк,World Bank,Bank Światowy,Сусветны банк,Світовий банк,Световна банка,Světová banka,Banc Mundial,Banco Mundial,Dünya Bankası,Svetovna banka
Фенербахче ,Fenerbahçe S.K. ,Fenerbahçe SK ,ФК Фенербахчэ,Фенербахче ,Фенербахче,Fenerbahçe SK,Fenerbahçe SK ,Fenerbahçe Spor Kulübü ,Fenerbahçe ,Fenerbahçe SK
Ренн ,Stade Rennais F.C.,Stade Rennais,ФК Рэн,Ренн ,ФК Стад Рене,Stade Rennais FC,Stade Rennais Football Club,Stade Rennes Football Club,Stade Rennais FC,Stade Rennais F.C.
Копер ,FC Koper,FC Koper,ФК Копер,Копер ,ФК Копер,FC Koper,Football Club Koper,Football Club Koper,FC Koper,Nogometni klub Koper
Сент-Этьен ,AS Saint-Étienne,AS Saint-Étienne,ФК Сент-Эцьен,Сент-Етьєн ,АС Сент Етиен,AS Saint-Étienne,Association Sportive de Saint-Étienne Loire,Association Sportive de Saint-Étienne,AS Saint-Étienne,AS Saint-Étienne
Airbus,Airbus,Airbus,Airbus,Airbus,Еърбъс,Airbus,Airbus,Airbus,Airbus,Airbus
Монреаль Канадиенс,Montreal Canadiens,Montreal Canadiens,Манрэаль Канадыенс,Монреаль Канадієнс,Монреал Канейдиънс,Montreal Canadiens,Canadiens de Mont-real,Montreal Canadiens,Montreal Canadiens,Montreal Canadiens
Коммунистическая партия Советского Союза,Communist Party of the Soviet Union,Komunistyczna Partia Związku Radzieckiego,Камуністычная партыя Савецкага Саюза,Комуністична партія Радянського Союзу,Комунистическа партия на Съветския съюз,Komunistická strana Sovětského svazu,Partit Comunista de la Unió Soviètica,Partido Comunista de la Unión Soviética,Sovyetler Birliği Komünist Partisi,Komunistična partija Sovjetske zveze
Гринпис,Greenpeace,Greenpeace,Грынпіс,Грінпіс,Грийнпийс,Greenpeace,Greenpeace,Greenpeace,Greenpeace,Greenpeace
Рома ,A.S. Roma,AS Roma,ФК Рома,Рома ,АС Рома,AS Řím,Associazione Sportiva Roma,Associazione Sportiva Roma,AS Roma,A.S. Roma
Сассуоло ,U.S. Sassuolo Calcio,US Sassuolo Calcio,ФК Сасуола,Сассуоло ,УС Сасуоло Калчо,US Sassuolo Calcio,Unione Sportiva Sassuolo Calcio,Unione Sportiva Sassuolo Calcio,US Sassuolo Calcio,U.S. Sassuolo Calcio
General Motors,General Motors,General Motors,General Motors,General Motors,Дженеръл Мотърс,General Motors,General Motors,General Motors,General Motors,General Motors
Усташи,Ustaše,Ustasze,Усташы,Усташі,Усташи,Ustašovci,Ústaixa,Ustacha,Ustaşa,Ustaši
Международное общество сознания Кришны,International Society for Krishna Consciousness,Międzynarodowe Towarzystwo Świadomości Kryszny,Міжнароднае таварыства свядомасці Крышны,Міжнародне Товариство Свідомості Крішни,Международно общество за Кришна-съзнание,Mezinárodní společnost pro vědomí Kršny,Associació Internacional per a la Consciència de Krixna,Asociación Internacional para la Conciencia de Krishna,Uluslararası Krishna Bilinci Derneği,Hare Krišna
Пергамский музей,Pergamon Museum,Muzeum Pergamońskie,Пергамскі музей,Пергамський музей,Пергамски музей,Pergamonské muzeum,Museu de Pèrgam,Museo de Pérgamo,Bergama Müzesi ,Pergamonski muzej
Гитлерюгенд,Hitler Youth,Hitlerjugend,Гітлерюгенд,Гітлер'югенд,Хитлерюгенд,Hitlerjugend,Joventuts Hitlerianes,Juventudes Hitlerianas,Hitler Gençliği,Hitlerjeva mladina
Лос-Анджелес Лейкерс,Los Angeles Lakers,Los Angeles Lakers,Лос-Анджэлес Лэйкерс,Лос-Анджелес Лейкерс,Лос Анджелис Лейкърс,Los Angeles Lakers,Los Angeles Lakers,Los Angeles Lakers,Los Angeles Lakers,Los Angeles Lakers
Maybach,Maybach,Mercedes-Maybach,Maybach,Maybach,Майбах,Maybach,Maybach,Maybach,Maybach,Maybach
Эллас Верона,Hellas Verona F.C.,Hellas Verona,ФК Элас Верона,Верона ,ФК Верона,Hellas Verona FC,Hellas Verona Football Club,Hellas Verona Football Club,Hellas Verona FC,Hellas Verona F.C.
Всемирная организация интеллектуальной собственности,World Intellectual Property Organization,Światowa Organizacja Własności Intelektualnej,Сусветная арганізацыя інтэлектуальнай уласнасці,Всесвітня організація інтелектуальної власності,Световна организация за интелектуална собственост,Světová organizace duševního vlastnictví,Organització Mundial de la Propietat Intel·lectual,Organización Mundial de la Propiedad Intelectual,Dünya Fikrî Mülkiyet Örgütü,Svetovna organizacija za intelektualno lastnino
Интерпол,Interpol,Interpol,Інтэрпал,Інтерпол,Интерпол,Interpol,Interpol,Interpol,Interpol,Interpol
Pontiac,Pontiac ,Pontiac,Pontiac,Pontiac,Понтиак,Pontiac ,Pontiac ,Pontiac,Pontiac,Pontiac
